id,track_name,artist_name,acousticness,danceability,energy,valence,instrumentalness,speechiness,tempo,loudness,mode,key,duration_ms,time_signature
0eHgt34S7vqSOfcjf37RAz,Get Ur Freak On,Quantic,0.0274,0.905,0.657,0.943,0.906,0.248,89.002,-9.61,0,4,159928,4
2vy6wlsw73kL7eLz7nVo0u,Hey Baby,Stephen Marley,0.105,0.717,0.595,0.634,1.03e-05,0.263,185.024,-5.632,0,10,294290,4
4S7YHmlWwfwArgd8LfSPud,L$D,A$AP Rocky,0.194,0.598,0.252,0.0352,0.133,0.0644,120.064,-15.086,1,2,238307,4
32Qerv3fdQZGsoWhpqVRnT,"Sugaree - Live in Veneta, Oregon 8/27/72",Grateful Dead,0.833,0.541,0.409,0.62,0.0484,0.0369,113.518,-10.844,1,4,449973,4
08RKvnMeBFWZE69P3dQa74,Ring The Alarm,Tenor Saw,0.0504,0.708,0.645,0.554,0.0,0.29,85.293,-5.225,0,10,187973,4
7KeuSSUB6qJEOTSgt2dRUe,Simmer Down,The Wailers,0.33,0.775,0.667,0.974,4.15e-06,0.0468,123.699,-7.101,1,10,170267,4
30ELPvO4DH57Rq2kgj7a8e,Marcus Garvey,Burning Spear,0.129,0.7,0.473,0.578,0.000891,0.0687,91.558,-9.893,0,7,207000,4
5r6X3m7zrVHmU2lSp3DXmP,Mi Gente,J Balvin,0.0184,0.554,0.688,0.283,1.31e-05,0.0838,104.78,-4.863,0,11,187267,4
7apkD6IkDObnQTEEBLWVW5,Step It up Youthman,Barry Brown,0.388,0.898,0.292,0.796,0.00489,0.304,122.838,-20.479,1,1,255147,4
5HNCy40Ni5BZJFw1TKzRsC,Comfortably Numb,Pink Floyd,0.15,0.472,0.366,0.171,0.312,0.0286,127.163,-12.595,0,11,382297,4
7e8vTtMnxTcE2gvs1junW8,Closer,The Silhouettes Project,0.499,0.45,0.358,0.213,0.000269,0.0686,85.269,-12.836,1,1,201933,4
3fG1Fi4EWlalxUTlBOoW0c,SOLOS,Juicy BAE,0.129,0.557,0.7,0.699,1.31e-05,0.143,133.38,-7.442,1,8,192000,5
29OjyKNn93PzRN5z69JlcT,Hard To Handle,Joe Diffie,0.624,0.461,0.823,0.707,2.66e-05,0.0637,137.868,-5.749,0,4,150027,4
1hwN2eAwsXgktvw9Qe8TrP,Photograph,Ringo Starr,0.0155,0.617,0.696,0.9,0.000199,0.0282,111.136,-12.739,1,4,239760,4
0dvtX9eMGIZSpGxUfTZvjR,S.90 Skank,Big Youth,0.546,0.579,0.624,0.771,0.000129,0.379,140.942,-9.228,1,2,170707,4
273gNDaG3xT0ulMx4Vct6M,Island Song,Zac Brown Band,0.208,0.845,0.7,0.892,0.0,0.0504,145.892,-6.025,1,8,223307,4
6ibblIwEOvnsMXA1CPm4Ci,Why Did You Lie,Dawn Penn,0.406,0.789,0.449,0.905,0.000196,0.0295,94.362,-7.609,0,0,146938,4
6WiWFX2leVlEE4bhiMfGva,Moli,El Alfa,0.656,0.953,0.934,0.845,0.00337,0.21,118.038,-1.077,1,4,180508,4
7qU7vhCPKhkDiJYGoboISc,Apocalypse Dreams,Tame Impala,0.249,0.496,0.929,0.267,0.131,0.0503,127.998,-2.279,1,8,356947,4
7aBxzlaYpjnA0CBtyMtfJ0,Sitting And Watching,Dennis Brown,0.282,0.669,0.488,0.682,0.785,0.0614,79.692,-11.339,1,2,243893,4
1z3Lac4bdl57XLcu35ma1M,No Wahala,1da Banton,0.621,0.808,0.639,0.612,0.0281,0.147,105.016,-7.244,0,11,162286,4
4zM912uksj5ZcXw4GCFoA9,What a Shame,Jr Thomas & The Volcanos,0.737,0.738,0.608,0.963,0.924,0.029,112.995,-6.953,0,5,244667,3
6p1KlApHJz7BwwyLmbAYHI,Isla Desierta,Ozuna,0.119,0.821,0.663,0.516,3.36e-05,0.263,100.927,-7.078,0,5,173868,4
3n69hLUdIsSa1WlRmjMZlW,Breezeblocks,alt-J,0.096,0.615,0.658,0.293,0.000911,0.0343,150.093,-7.299,1,5,227080,4
4U5S0fp1d0fzHbO2hMasTY,Mas Papaya,Sidestepper,0.198,0.915,0.712,0.902,0.000869,0.148,95.497,-7.473,1,2,214733,4
6SoFlPbVga6onwqlPp9NDh,"Bold Soul Sister, Bold Soul Brother - USDEA0400901",The Black On White Affair,0.661,0.457,0.909,0.827,1.54e-06,0.0576,93.193,-3.189,1,7,176613,4
1EF5R67M3KGD7YVi6ghodo,All My Tears,The Frightnrs,0.63,0.761,0.649,0.892,0.00409,0.037,108.088,-6.958,0,2,247827,4
0kEwYCc9znHQObgdUh6dGl,Ballistic Affair,Leroy Smart,0.00258,0.762,0.6,0.827,0.000461,0.0351,143.216,-7.992,1,9,193520,4
4HlAtQ34aV37lKs9hhbgtc,Marcus Garvey,Burning Spear,0.101,0.717,0.343,0.553,0.00224,0.0937,91.312,-14.58,0,9,204507,4
2JwLzxugztspYNpi3HtoNS,La Cumbia Cósmica,Discoshaman,0.0029,0.643,0.702,0.794,0.769,0.0889,179.999,-9.292,0,9,394667,4
0z4BHhwVL7IHMoFXaPpvmO,Photo Summerlude,Cotton Jones,0.882,0.546,0.333,0.492,0.829,0.0247,94.42,-12.474,1,8,147387,3
0K2kaatS5KA7F00oIo7WhW,Aguita,El Propio,0.0182,0.875,0.481,0.441,0.229,0.186,139.994,-11.293,1,7,250804,4
7egu63DOhNpivWOpGtzqGS,Lamb's Wool,Foster The People,0.111,0.433,0.614,0.233,5.61e-05,0.0499,178.751,-7.594,0,8,276360,4
4CbWqihvXyV2qxt0aSft3M,Running Away - Winta James Mix,Ady Suleiman,0.306,0.669,0.584,0.949,0.0325,0.0331,149.976,-5.988,0,5,210800,4
6s3bPSWtMINmcBfYRRX83I,No Dey Form,Babyboy AV,0.295,0.741,0.705,0.466,0.0438,0.0371,110.997,-8.192,1,0,140541,4
1bEKm1HhCId1YssM0kc7JF,Mirlo - Sonikgroove Remix,Delahuerta,0.317,0.773,0.771,0.872,0.885,0.0354,105.001,-5.791,1,0,277309,4
0FHRhdg0bsFYsCDhGzLF5L,Jumakoka,El Propio,0.039,0.791,0.76,0.918,0.905,0.0873,109.99,-6.618,1,0,229091,4
1iBWjQ9af9NnUd5xnQDB3k,Charm,Rema,0.569,0.762,0.663,0.542,0.0,0.037,96.046,-6.958,0,4,204750,4
5Yu5gDFUjPqxUT5PHEJdIR,Summer Breeze,Jackie Mittoo,0.118,0.731,0.48,0.654,0.052,0.155,75.354,-12.549,0,9,224827,4
5Fli1xRi01bvCjsZvKWro0,Houdini,Foster The People,0.00762,0.632,0.908,0.764,0.000172,0.0458,110.024,-3.511,1,8,202467,4
69c1jdnoRD8iM81kAGm01e,Missionsuicida,Bb trickz,0.455,0.844,0.736,0.789,1.53e-06,0.369,147.021,-4.801,1,2,88159,4
0OHgOYI5nsqQTPYx3nLMyB,Levitar,Didje Doo,0.137,0.762,0.84,0.965,2.95e-06,0.281,84.974,-5.826,0,10,267933,4
5ROtCoF1EiaHN0ZbKsBMMt,Llama,Monareta,0.103,0.646,0.71,0.403,0.694,0.228,199.985,-4.477,0,10,231920,4
0utlOiJy2weVl9WTkcEWHy,Neighbors,J. Cole,0.319,0.898,0.283,0.469,0.000383,0.356,138.97,-12.335,0,6,216520,4
3IedXlFglIwo754rxOID4x,La vie d'un... / Ma préférée,Dadju,0.0248,0.463,0.796,0.736,0.0,0.222,104.925,-6.604,1,5,286400,4
6fhcYwOMT6kZAIHKfhwbRF,Man in the Street,Don Drummond,0.214,0.855,0.464,0.978,0.889,0.0598,119.362,-10.179,1,3,201040,4
2X485T9Z5Ly0xyaghN73ed,Let It Happen,Tame Impala,0.00462,0.602,0.881,0.577,0.0266,0.0443,125.012,-5.875,0,1,467587,4
7dEvUHcPU9jCXeYkKnHGKi,Morning,Azymuth,0.594,0.439,0.669,0.876,0.882,0.0406,92.059,-11.901,0,9,228027,4
4zqRu31aWCiHeYMw9GptOO,Everything,Victony,0.443,0.744,0.66,0.887,0.00146,0.0415,97.992,-8.022,1,2,166958,4
1whAXVGN8AdfrnoXNIXfJf,Truth or Dare,Tyla,0.183,0.61,0.599,0.805,0.000124,0.341,154.255,-5.752,1,1,190393,5
7LjHqvRyDcMZ9rJ1XuY0IP,All for U (Ameyatchi),King Serenity,0.168,0.884,0.629,0.869,0.0032,0.0416,108.026,-5.514,0,2,165564,4
3uwYgNxFDfx1GoLB6tLoUn,Good Day,Twenty One Pilots,0.11,0.684,0.677,0.37,0.00975,0.0401,142.048,-7.355,1,7,204401,4
1r3M82sqImOu3AUwRdELRT,23,Rejjie Snow,0.276,0.803,0.637,0.5,1.68e-05,0.105,97.032,-7.191,0,4,181613,4
0USECqHI9jO7PCZtcLEnEY,La Inconformable,The Binary Cumbia Orchestra,0.0411,0.685,0.87,0.273,0.00717,0.119,108.048,-6.365,0,11,355556,4
3Q6QQMARzPG55AeV62WQ6S,Rivers of Babylon - Long Version,The Melodians,0.685,0.793,0.369,0.793,0.343,0.0682,106.884,-14.082,1,7,257267,4
5PXsZaT8cOxb4mXrA20PMQ,Baila Baila Baila,Ozuna,0.0588,0.837,0.626,0.592,0.0,0.152,99.987,-5.674,0,11,158760,4
04caQq1IeChrnBnvch1FQf,Lonely At The Top - Remix,Asake,0.787,0.718,0.749,0.908,0.000258,0.0587,105.086,-7.349,0,6,157714,4
4q62IzqQKbdHlLrA8BEuom,XQ TAN DIFICIL,Juicy BAE,0.159,0.663,0.95,0.592,0.0,0.153,142.0,-3.699,0,11,166961,4
6L6d77z7kLOaizY5gPgUxl,Cherokee,Kamasi Washington,0.728,0.635,0.622,0.614,0.151,0.107,90.318,-10.24,1,10,494460,4
1lrEkJXRZyf65gYyYKFuJh,Ananas Tornillo,Frente Cumbiero,0.0307,0.713,0.831,0.717,0.866,0.0428,106.99,-4.272,0,0,240814,4
77wwKKYeNZnXZ8xChSiSxN,Cumbia sobre el río / Interludio,Celso Piña,0.0237,0.711,0.816,0.861,0.797,0.0515,96.999,-6.397,1,1,342973,4
5BWIPWzpUnFY4uKGwiYqRm,Guidance Dub,The Aggrovators,0.00126,0.665,0.353,0.331,0.483,0.0376,146.806,-11.137,0,0,203867,4
7IQAuxUG4VczKl85gVcPaX,Sound & Vision,The Sea and Cake,0.00311,0.692,0.849,0.475,0.0667,0.0532,109.967,-9.472,1,7,246627,4
35MU2MEhQMw0NhXZztAP9m,BLOOD ON THE DANCE FLOOR (feat. Bloody Civilian and Wale),ODUMODUBLVCK,0.261,0.687,0.838,0.79,4.4e-05,0.145,111.984,-6.417,0,1,233571,4
0dCOSNPQizhMMjO6UxGlzi,Drogba (Joanna),Afro B,0.0208,0.965,0.633,0.768,4.45e-06,0.101,108.011,-6.392,1,2,199000,4
2fvi4GCSJn9XYdYrLGLX5f,Natty Dread,Bob Marley & The Wailers,0.424,0.773,0.439,0.847,0.000126,0.327,88.364,-9.778,1,9,215667,4
4GEz5ZGMPcX9OZ5ta0v85e,"Wonderful World, Beautiful People - Single Version",Jimmy Cliff,0.0078,0.783,0.478,0.859,0.0,0.0271,105.85,-11.305,1,2,193480,4
0qdQUeKVyevrbKhAo0ibxS,My Sweet Lord - Remastered 2014,George Harrison,0.0972,0.537,0.701,0.583,0.0,0.0335,120.919,-8.913,0,1,281227,4
4iEOVEULZRvmzYSZY2ViKN,Left Hand Free,alt-J,0.462,0.697,0.877,0.802,0.00943,0.0462,101.99,-4.465,1,3,173631,4
2cvLICgohXX5Rfmoh2jPsZ,Siyé,Harley,0.238,0.709,0.813,0.573,0.0003,0.0363,112.038,-5.139,1,6,206133,4
419dfghlxcJ00rAJS0IX9e,Sweet Honey Wine,Dr. Lonnie Smith,0.582,0.561,0.685,0.761,0.882,0.0562,98.596,-12.867,0,5,371379,4
1xhe1Vf7AY0AMxBpLAmcyi,"Drugs on M, Pt. 2",Matty Wood$,0.617,0.761,0.502,0.918,0.0,0.316,72.026,-10.928,1,9,109875,4
4xU4XeklG562EnanWzpY3A,wiggy,Young Miko,0.0405,0.85,0.788,0.717,0.0,0.288,93.004,-5.137,1,4,146559,4
1JDxpKlpGehMGOtclizdVT,No Sleeping,1da Banton,0.183,0.747,0.635,0.685,0.0,0.363,67.357,-6.73,0,10,165657,5
6tI5Td3d2E7eZg6xjaY64O,Bad Days Are Going,Johnny Clarke,0.0163,0.856,0.536,0.662,0.00473,0.0397,129.202,-8.007,0,5,352253,4
5LotxyXu4AR08vvUqKi1YK,If It's All the Same,Andrew Brantley,0.132,0.722,0.654,0.812,1.12e-05,0.0279,125.655,-5.997,1,9,207619,4
7BfW1eoDh27W69nxsmRicb,Buffalo Soldier,Bob Marley & The Wailers,0.143,0.929,0.463,0.755,5.3e-06,0.308,124.084,-8.651,1,9,255840,4
6Sq7ltF9Qa7SNFBsV5Cogx,Me Porto Bonito,Bad Bunny,0.0901,0.911,0.712,0.425,2.68e-05,0.0817,92.005,-5.105,0,1,178567,4
3Z2sglqDj1rDRMF5x0Sz2R,3005,Childish Gambino,0.149,0.473,0.461,0.615,0.0,0.333,165.985,-6.474,0,6,234213,4
4XJ5T3ir4Hzu9XFVzOTtI2,Get A Hold Of You,Jr Thomas & The Volcanos,0.0593,0.689,0.686,0.971,1.8e-06,0.0366,80.189,-8.834,1,10,211822,4
2bkLFROuNi7WRIg5tRjsAg,"Elsa - Tribilin Sound, Punto Rojo & Señor Chancho Remix",Los Destellos,0.000573,0.741,0.811,0.913,0.762,0.054,85.001,-5.754,0,5,278036,4
4BnOgRQivmWtdOiEHmK00Y,Don't Stay Away,Phyllis Dillon,0.224,0.538,0.403,0.589,0.000496,0.12,198.051,-9.44,1,7,153960,4
5t9KYe0Fhd5cW6UYT4qP8f,Good Vibrations - Remastered 2001,The Beach Boys,0.326,0.396,0.473,0.385,0.000124,0.0345,133.449,-7.67,0,10,219027,4
1uVFotQ3jGy50biSnRA2AK,Two Sevens Clash,Culture,0.00442,0.765,0.551,0.711,0.0,0.083,136.452,-8.64,0,9,208053,4
6qH6xP8tzxvZlCcmHit4AL,Inspiration Information,Shuggie Otis,0.00271,0.805,0.654,0.842,0.00993,0.056,89.738,-7.072,1,7,252293,4
3JeDm203MFpRlzSFaoNEv2,Stormy,Gábor Szabó,0.743,0.514,0.346,0.503,0.912,0.0346,116.485,-19.611,0,4,198000,4
6nOgfdfLQ6ZzlRMTqiqQlt,All Day Music,War,0.159,0.488,0.48,0.537,0.00131,0.0312,107.261,-11.907,0,4,243867,4
6XitzIBDSAbU9gU9lhouQa,"The Harder They Come - From ""The Harder They Come"" Soundtrack",Jimmy Cliff,0.632,0.679,0.575,0.79,0.0,0.0717,102.588,-8.037,1,1,219907,4
6RT3PxDEQOa7m6tK502DNa,How Bizarre,OMC,0.261,0.784,0.675,0.854,1.4e-06,0.049,124.908,-7.718,1,0,224053,4
1PoJXULCvl03b1fiZmMxmd,On the Low,Burna Boy,0.692,0.816,0.781,0.937,0.00928,0.0425,99.95,-4.237,0,1,185899,4
4h4QlmocP3IuwYEj2j14p8,Sunroof,Nicky Youre,0.352,0.768,0.714,0.842,0.0,0.0401,131.443,-5.11,1,10,163026,4
7cyb5zLcPmYGhyHmVDhTUv,Fittest of Fittest,Barry Brown,0.0327,0.823,0.568,0.68,5.11e-06,0.0791,126.804,-7.152,0,11,227987,4
7cAbHkxAZOmV9ZEs2vguJw,You're Young,Mackey Feary Band,0.699,0.517,0.682,0.777,0.0,0.044,98.78,-7.647,1,9,190467,4
1vBRiaOSTr7IJlAeky4JX3,Vacation (feat. Train),Dirty Heads,0.047,0.721,0.762,0.822,0.0,0.0387,150.02,-5.508,1,8,212938,4
5hM5arv9KDbCHS0k9uqwjr,Borderline,Tame Impala,0.0406,0.621,0.873,0.873,9.1e-06,0.0369,97.96,-3.067,0,5,237800,4
42tllHanOq2Nb9eXUKKiK2,Do Unto Others Version,The Frightnrs,0.176,0.851,0.575,0.669,0.149,0.0494,108.913,-9.328,0,2,242787,4
2gRnzF76WMHA21kBJapuy8,AWAY,Oxlade,0.228,0.728,0.711,0.712,0.288,0.187,104.849,-8.315,0,1,164571,4
4cqJt5UTslhk2HgIZ4Dg9i,Last Flight To Reggae City,Tommy McCook,0.18,0.827,0.443,0.925,0.000106,0.396,84.185,-8.477,1,4,165445,4
4hObp5bmIJ3PP3cKA9K9GY,Don't Worry Be Happy,Bobby McFerrin,0.88,0.675,0.166,0.747,7.14e-05,0.171,68.837,-22.602,1,11,294400,4
3cnvTMZRhkbzea0KC4Y4We,Police & Thieves,Junior Murvin,0.0583,0.933,0.363,0.906,0.0,0.0971,127.158,-13.328,0,11,244307,4
2o8JdqBkbcZl3MgbyUloHQ,Hard To Handle,The Commitments,0.0232,0.489,0.777,0.801,0.0,0.218,199.518,-5.891,1,7,142907,4
1IUXXKu52h06RVzEbgDb2A,Nos Volvió a Amanecer,Territorio Comanche,0.0557,0.698,0.588,0.649,0.697,0.0562,89.967,-8.774,0,5,276587,4
7v9DcQmaX1E6EQ0nitV6mz,Girl Of My Dreams,Cornell Campbell,0.319,0.65,0.513,0.729,0.0439,0.185,76.064,-9.187,1,0,201467,4
1BItrFIwgMIGKk9D3qGgyQ,A Dub Tribulation,Sly & Robbie,0.000209,0.869,0.262,0.527,0.916,0.112,135.224,-9.166,1,2,214518,4
3rJWuc53MmmGSMVGPZKynS,Everybody Loves the Sunshine,Flo Morrissey,0.0362,0.583,0.713,0.342,0.0998,0.0388,159.849,-8.504,1,9,287418,4
0X1IP1zJNd3FgdiY75n7zW,Follow The Sun,Xavier Rudd,0.546,0.613,0.41,0.18,6.31e-05,0.0433,123.843,-10.747,1,0,255480,4
0jlpgMdHL9Ar7CXlePtaql,Could You Be Loved,Bob Marley & The Wailers,0.359,0.917,0.732,0.777,8.99e-05,0.0888,103.332,-8.56,1,0,236947,4
25Kyv5SeEenT0EETpP2hYn,"Soweto (with Don Toliver, Rema & Tempoe)",Victony,0.0541,0.719,0.756,0.647,0.0,0.0761,105.024,-5.392,0,5,219500,4
2AXgKPmek6hvV46m7GbvFJ,Say Salud,June Freedom,0.346,0.732,0.787,0.928,0.000605,0.083,111.99,-9.055,0,3,156429,4
3STUsewBBFOhkCXQXdZNNU,African Lady,Jonathan Richman,0.765,0.765,0.448,0.895,0.683,0.0388,115.815,-16.423,1,4,154603,4
2STQAr3BRiAeeveJ07gZh7,Kokomo,The Beach Boys,0.0103,0.683,0.637,0.931,0.0,0.032,115.577,-10.259,1,0,217093,4
7qxtOyjZ2zSaxBPH8fLyNi,Carry Me Go,Khaid,0.627,0.853,0.702,0.895,6.26e-06,0.112,116.994,-5.822,1,6,136465,4
5zg8DmU5QILRtWqrDnrtMt,Dern Kala,Khruangbin,0.0177,0.632,0.646,0.671,0.88,0.0385,87.325,-11.398,1,9,219840,4
2tuk3PezhFMV8fBB433tV0,Swept Away,Vanilla,0.0231,0.728,0.668,0.598,0.76,0.0406,92.03,-8.361,1,2,239953,4
2HcyIzVsX45jLIxK7SH2aI,One Love / People Get Ready - Medley,Bob Marley & The Wailers,0.0783,0.725,0.523,0.95,0.0,0.324,76.292,-9.593,1,10,172933,4
25SJaCCPiosugnlY53VhRG,Freaking Out the Neighborhood,Mac DeMarco,0.0639,0.565,0.832,0.847,0.0291,0.108,143.302,-5.751,0,8,173889,4
0H9PHWhpMI7LEhZu6U9Cfb,"All Day, All Night",The California Honeydrops,0.154,0.724,0.41,0.533,6.58e-05,0.0757,166.264,-13.986,0,1,131737,4
7tG68NtLXzWV2tiN6ghLeb,Gonna Make Time Version,The Frightnrs,0.827,0.772,0.435,0.767,0.857,0.114,74.826,-12.195,1,0,237493,4
7MT32rGxzLsdmChoVKSSdG,"Love and Devotion - Extended 12"" Mix",Slim Smith,0.151,0.821,0.297,0.703,0.000756,0.068,83.557,-13.249,0,2,415267,4
2cu3X3pbKbHdmRzCDkKTsO,Alger la blanche,Nicolas Godin,0.435,0.669,0.574,0.858,0.879,0.03,96.058,-7.841,0,1,227013,3
0q9SOD9snBWPD4wJ9Tt3pR,Cuando Las Ganas Se Juntan,JÇÃO,0.157,0.775,0.632,0.57,0.672,0.153,90.011,-10.244,0,4,257500,4
5ziPbFZVqkE4RNIlrqLEox,Olinda Road - Unplugged,Barry Flanagan,0.915,0.476,0.354,0.435,0.916,0.0375,169.969,-15.201,1,4,214693,4
6K4t31amVTZDgR3sKmwUJJ,The Less I Know The Better,Tame Impala,0.0115,0.64,0.74,0.785,0.00678,0.0284,116.879,-4.083,1,4,216320,4
1uA5a1LNJRQuy0kbM16Cc2,Baile en el Infierno,Conjunto Media Luna,0.0371,0.774,0.542,0.692,0.557,0.0991,81.645,-8.284,1,5,222208,4
1SFHWI8rTMM9rRF7C9BzdY,Wake The Town - 1990 Digital Remaster,U-Roy,0.0292,0.796,0.355,0.76,2.8e-05,0.126,98.527,-14.548,0,2,148000,4
03zLcVIrjo3iomIGSoSjRc,Sandra Lee Buy Big House for Me,Purple Man,0.0206,0.809,0.623,0.71,1.11e-05,0.295,78.483,-10.435,0,6,225019,4
6w8unad1pSyvWHBcjXRICN,Date With The Rain,Eddie Kendricks,0.302,0.535,0.791,0.528,0.0,0.155,123.277,-10.299,1,9,161387,4
1ivUwqx8QXtteFsxAOF5X1,Anchi Bale Game,Admas,0.213,0.551,0.648,0.551,0.00029,0.0435,118.501,-9.776,0,10,314867,4
7Die06RIkvV9gs5Bo6qnwx,Curly Locks,Junior Byles,0.439,0.765,0.361,0.549,0.00976,0.15,137.975,-14.463,1,7,204867,4
0oaWKiwuWRG2cUm5YneEiO,Por Ti,Juicy BAE,0.303,0.774,0.723,0.681,6.37e-05,0.111,104.056,-3.776,0,0,196840,4
1AqxkpUvXcRgfd7IiXkSGa,Hang On (Bonus Version),Jr Thomas & The Volcanos,0.02,0.719,0.626,0.872,0.00471,0.0477,90.005,-4.552,1,9,224805,4
4mjPLIrzrIHOStATevxt3p,Towards The Mountain,Pachyman,0.712,0.721,0.823,0.699,0.738,0.0607,170.123,-6.126,0,11,200458,4
2CGhzWArXQZG86V1Ztv4Q2,Mañana,Ozuna,0.105,0.865,0.522,0.692,0.0154,0.0761,91.015,-4.648,1,6,192320,4
77waszCG3vudoWXDCzJdfy,The Long Way,Junior Byles,0.292,0.847,0.463,0.703,0.00259,0.134,136.345,-8.926,0,4,242667,4
7MogLDaERs8chlGRsOguOj,Dreams Of Home,Ziggy Marley & The Melody Makers,0.406,0.748,0.307,0.63,2.56e-05,0.118,135.077,-18.074,1,8,294467,4
2VxBaSKDmZlUoOg0lnpt2f,Party Down - Pt. 1,Little Beaver,0.275,0.775,0.47,0.961,1.01e-05,0.0372,127.384,-13.891,0,5,196200,4
2Gw1OTCwuFFIl6aG2vfN6z,Fu Manchu,Desmond Dekker & The Aces,0.887,0.687,0.263,0.874,0.0158,0.0535,83.68,-15.027,0,2,188316,4
6EmP97fPXI3aiHnrsHuj08,Rat Race,Bob Marley & The Wailers,0.067,0.704,0.38,0.711,2.96e-06,0.423,76.298,-12.16,1,10,170627,4
3rRKu7N2zRgb0pF9DLrrBI,by now,CKay,0.512,0.587,0.608,0.793,0.033,0.0593,58.227,-3.813,0,4,164121,5
0O0M44llUQuPdJAkROQRch,Australia Street,Sticky Fingers,0.0219,0.472,0.69,0.512,0.0,0.0443,77.478,-8.092,0,9,219027,4
280GUUkqaTBa12SCpQdlip,Murder She Wrote,Chaka Demus & Pliers,0.161,0.884,0.747,0.941,0.000242,0.12,95.103,-9.153,0,11,244785,4
2kf3D7w9m1JMZfd9vzGJrP,El Majagual,Systema Solar,0.0153,0.764,0.593,0.65,0.0,0.128,106.039,-8.994,0,9,325467,4
4mAk9ZV2JdKzVcbAbznzRx,The Train Is Coming,Ken Boothe,0.338,0.708,0.629,0.965,3.15e-05,0.0448,85.403,-13.946,1,7,217773,4
1SncUMk5LJqQUvTvMcLDzh,Hol' A Fresh,Red Dragon,0.0779,0.899,0.589,0.529,0.0014,0.181,83.389,-4.228,1,2,216867,4
5mzVVbF8nuKatFjKnwzcnU,I'm Out,Zander,0.541,0.757,0.539,0.795,2.23e-06,0.0445,96.01,-11.438,1,10,215349,4
3FVuuzzW9fhASgszoxdeCo,Hard To Handle,Gov't Mule,0.605,0.63,0.822,0.797,1.17e-06,0.13,91.904,-3.48,1,1,250987,4
2le9fblYnfoLr9dkZIsJUa,"Baby, I Love Your Way",Big Mountain,0.0528,0.651,0.747,0.776,0.0,0.0699,147.518,-7.269,0,1,249520,4
2tmZnOHNUrGHw6qRpIQ3W3,Conjunto Media Luna,Conjunto Media Luna,0.166,0.867,0.699,0.961,0.319,0.111,90.018,-6.661,0,9,260879,4
3vhe0ajg0ngTgHWGjYfbQ0,Dreamland,Bunny Wailer,0.0206,0.865,0.292,0.818,0.000107,0.41,143.2,-16.271,1,1,165573,4
0be2eJI8vEjGnEKia2sZvr,The Same Song,Israel Vibration,0.0284,0.924,0.382,0.683,0.00117,0.422,123.006,-12.131,1,1,239630,4
6u6oQbE9DFnpOTggJDoBz2,I'm Still Waiting,Delroy Wilson,0.342,0.7,0.585,0.71,0.000571,0.0571,84.698,-7.912,1,7,242934,4
2V6QHg4PkwdWq9Y23ZzOK6,Roots Of Dub,King Tubby,0.228,0.693,0.51,0.474,0.67,0.047,76.888,-10.256,1,8,198933,4
32GzVsYZXAzkELRucEUDtz,Yes Mi Friend (feat. Stephen Marley),Buju Banton,0.0639,0.759,0.613,0.705,0.0,0.0926,90.971,-5.071,1,0,254013,4
7i9LxMcAkAyovXmLSfBCB1,Party Down - Pt. 2,Little Beaver,0.743,0.824,0.434,0.948,0.596,0.0335,127.504,-15.084,0,5,214800,4
22GcCsqnyuMBKvpbCb22sQ,Bangarang,Lester Sterling,0.597,0.68,0.61,0.977,0.881,0.111,151.544,-5.282,0,5,163733,4
15mlPrdH10GLQJafz07Q8X,Casey Jones - 2001 Remaster,Grateful Dead,0.553,0.681,0.447,0.746,4.36e-06,0.0477,99.418,-8.83,1,0,265640,4
0iUKjCnA7ISxJJPKN4FOIG,Music Field,Roy Shirley,0.69,0.724,0.444,0.951,0.000525,0.101,164.763,-10.142,1,7,161573,4
4ou5xyFUJX4VwX76tw1qb1,Fall,Davido,0.379,0.928,0.675,0.794,0.0,0.0566,105.952,-3.535,1,5,240000,4
2mwNqgMNrguu5Xlns3kqeg,Ebelebe (feat. Wizkid),Wande Coal,0.0245,0.762,0.873,0.453,0.0,0.176,92.001,-4.532,0,11,209970,4
6HXrQKcm9Tco0C7BsAlI4E,Dispute,The Frightnrs,0.239,0.722,0.456,0.436,5.59e-05,0.0523,80.456,-9.497,1,8,193293,4
3gR5vEwHrvEntTYnzxZXEd,Summertime (feat. Citizen Cope),Stick Figure,0.0669,0.743,0.612,0.811,0.0274,0.0398,79.991,-7.113,1,9,239634,4
5Jm4w8jmPEBTLjI9vH4fXo,Caramelo,Ozuna,0.0529,0.735,0.791,0.697,0.000146,0.0679,168.087,-4.462,1,6,217240,4
1PiqBod2OqGJub07PAkoGx,mmadu,CKay,0.228,0.713,0.563,0.746,0.705,0.123,125.144,-4.459,1,1,196713,5
6iBWazas8QsDtBnjlXkrXk,The Sound Of Sunshine,Michael Franti & Spearhead,0.0164,0.673,0.902,0.704,0.0145,0.0553,97.007,-4.886,1,10,225133,4
3lsn77COybQhdbYy2hJKMq,I'm So Happy Now,Willie Wright,0.0672,0.584,0.722,0.813,6.86e-06,0.0578,88.675,-6.526,0,1,273347,4
4kZJ7pNJqC0BM24NOvjH2C,Tota Prieta,LaBlackie,0.00452,0.761,0.951,0.896,0.0241,0.0479,178.04,-4.781,1,4,123186,4
0FVxU203nxSYN6Z4pKUadE,War Inna Babylon,Max Romeo,0.0495,0.706,0.431,0.907,0.0,0.3,146.302,-13.831,1,7,296255,4
05FM9x5hJNSpqfXwzxkoHC,Forward March,Derrick Morgan,0.228,0.715,0.765,0.915,1.72e-06,0.0406,117.986,-4.89,1,3,170693,4
71hb9DdtCK6Zc4xFwyGxzz,Jacques,Klement Julienne,0.797,0.759,0.588,0.79,0.675,0.0983,72.372,-10.635,1,5,233000,4
6j2DK9VA478EJySZ4oaxeb,Hope - LOCK-IN,Fat Freddy's Drop,0.632,0.828,0.251,0.312,0.0119,0.055,122.39,-11.663,0,4,542384,4
438vUZj0qwC0zM4HMF3trH,I'd Rather Go Blind,The Frightnrs,0.3,0.667,0.562,0.965,0.00358,0.0986,144.421,-8.947,1,9,213254,5
61CFZkuoslI9rgw7LTaoOF,Redemption Song,Bob Marley & The Wailers,0.592,0.668,0.254,0.644,0.0,0.0433,115.875,-10.646,1,0,227333,4
7g0XPcKQMT7DCVUBV8yKLR,Reggae Hit The Town,The Ethiopians,0.366,0.724,0.456,0.907,0.165,0.0506,77.26,-8.149,1,0,144350,4
3S1BOUUpxzHoSddKKsrg5z,Trop parler,Franglish,0.468,0.691,0.886,0.909,0.0,0.167,103.483,-4.649,0,0,183866,4
3Z6aY997cM7QK28xjEF5EJ,Southern Nights - 2003 Remaster,Allen Toussaint,0.797,0.611,0.361,0.485,0.622,0.0285,85.786,-12.958,1,1,216600,4
69WkwzVjQS4Dc8QQtpz0qM,Nobody,Hozier,0.256,0.677,0.833,0.631,0.000158,0.0762,90.997,-4.997,1,7,210573,4
2u5dBIBam2FTwYsgsptJyj,come close (feat. Ayra Starr),CKay,0.685,0.654,0.37,0.61,0.369,0.196,119.776,-6.233,0,1,204573,5
1v0ufp7FLTFcykUGOmFZKa,Daffodils (feat. Kevin Parker),Mark Ronson,0.0408,0.724,0.538,0.282,0.0139,0.0381,108.945,-8.041,1,0,298133,4
1WdjhpptMbaldV9A18LGz7,Small Axe,The Wailers,0.3,0.791,0.647,0.82,0.000143,0.207,91.552,-10.602,1,9,239800,4
2tCeS9FTQ3GV5Uss85erTA,Daydreaming,Ocean Alley,0.000435,0.484,0.792,0.74,0.00557,0.043,120.063,-5.967,0,5,345838,4
3AGEHHqBOnAmQiJxxbasJu,The Loser,Derrick Harriott,0.194,0.725,0.641,0.786,0.00498,0.0481,87.732,-6.135,0,7,218653,4
1R8kvV2AgNPCA2Pp4Im1Ao,Baby Hotline,Jack Stauber's Micropop,0.377,0.74,0.357,0.453,0.047,0.0352,119.973,-9.921,1,0,291318,4
2ftXrFRLlI9ULnwzde2hJK,No Woman No Cry,Bob Marley & The Wailers,0.168,0.9,0.377,0.546,1.15e-05,0.044,98.589,-10.427,1,0,226240,4
5Bkw0lMhwk8tF4kMgCCJLv,Dreamland,Glass Animals,0.883,0.253,0.352,0.099,0.00191,0.0357,141.97,-11.509,1,8,203492,5
2iGQ6BhaIY73VrEiRDXAR9,Westbound Train,Dennis Brown,0.0431,0.835,0.366,0.677,0.000293,0.257,86.079,-15.083,1,8,182773,4
72TSKTETfTcAxUEDhvgNIT,Fever,Junior Byles,0.4,0.843,0.523,0.968,0.0213,0.055,140.561,-12.971,0,3,174907,3
4MAxWahEbzU8m4bD6mSZg9,You're Sixteen (You’re Beautiful And You’re Mine),Ringo Starr,0.0381,0.665,0.629,0.856,1.84e-05,0.0441,124.265,-12.852,1,8,169693,4
75FYqcxt1YEAtqDLrOeIJn,Three Little Birds,Bob Marley & The Wailers,0.00916,0.826,0.49,0.627,4.41e-06,0.0676,74.128,-10.477,1,9,180267,4
1nR8pwWo3O3Ueu9fe1jkXE,Yo Me Voy - Son Palenque - Indus Mix,Indus,0.0558,0.687,0.54,0.578,0.828,0.0425,98.986,-5.845,1,6,178106,4
0qp8MuZNKelOGTK2HPlXBA,Kids Turned Out Fine,A$AP Rocky,0.275,0.302,0.669,0.127,3.58e-05,0.238,164.8,-9.404,1,1,183120,5
24ov0ue42XN3uTSM1A17N8,Miwok Shapes,Brightblack Morning Light,0.934,0.493,0.255,0.252,0.944,0.0471,133.163,-18.904,1,8,349333,4
7hm4HTk9encxT0LYC0J6oI,Someday,The Strokes,0.00425,0.539,0.521,0.679,0.0,0.0299,106.035,-7.46,1,9,183440,4
4195vHImfPH7OfZHXUiHKI,No Soy Del Valle (Nickodemus & Zeb Remix),Flowering Inferno,0.0594,0.784,0.788,0.518,0.365,0.0779,98.02,-5.158,0,4,310733,4
5cpJFiNwYyWwFLH0V6B3N8,Del Mar,Ozuna,0.0224,0.759,0.636,0.536,0.000143,0.0369,109.976,-5.585,1,6,214507,4
5bY6OY1A05xH6iriIth5f6,Country Boy,The Heptones,0.0174,0.876,0.375,0.613,0.000994,0.193,124.063,-11.767,1,1,167091,4
4M8o993Gt5U6mSogtuviYn,Little Boy Blue,Pat Kelly,0.625,0.708,0.62,0.833,0.000207,0.0386,82.428,-5.818,1,10,166187,4
3wrqiZJKMSpLBvgFJfFOp1,Sound & Color,Alabama Shakes,0.852,0.548,0.412,0.151,0.611,0.0736,114.928,-7.398,1,2,183293,4
52a6VcF23v5HB7KfDEmBHq,Carried Away,Passion Pit,0.0176,0.772,0.826,0.871,8.56e-06,0.0344,119.995,-5.135,1,0,221973,4
0CMuiL9aePFA6VG3wBeNPi,Mexico - 2019 Remaster,James Taylor,0.326,0.78,0.533,0.778,2.15e-05,0.0291,116.153,-12.035,1,11,178693,4
2K6JCopGg2HKtd8dprx99O,Hard To Handle,Carl Dawkins,0.958,0.769,0.644,0.83,0.0133,0.102,155.597,-5.723,1,1,163453,4
6cJqlSO19vsfCsH1FeFI35,Santeria,Sublime,0.0223,0.673,0.772,0.585,1.23e-06,0.0427,90.356,-5.246,0,1,183200,4
3FG1RASqr1PCvg9AdjXxeu,Lazer Beam,Don Carlos,0.0359,0.744,0.712,0.483,0.124,0.221,79.554,-6.153,0,10,201064,4
4psPNThrZ9vmvy2gXv1XrU,Gonna Make Time,The Frightnrs,0.741,0.71,0.494,0.925,0.51,0.135,74.367,-10.358,1,0,214613,4
1YjBJlLZh4wwnfYZCr3jrE,Under Me Sleng Teng,Wayne Smith,0.148,0.826,0.508,0.91,0.0,0.0798,81.564,-8.713,1,2,247800,4
4mC5Bp4nDFI6yht9XrO7VA,Saltwater,Geowulf,0.000614,0.551,0.825,0.686,0.307,0.0306,107.031,-5.813,1,2,247280,4
2MLHyLy5z5l5YRp7momlgw,Island In The Sun,Weezer,0.00719,0.654,0.81,0.661,0.00251,0.0288,114.622,-6.26,0,4,200307,4
4RVbK6cV0VqWdpCDcx3hiT,Reborn,KIDS SEE GHOSTS,0.339,0.585,0.597,0.227,0.0404,0.037,100.051,-7.499,1,0,324674,4
44x96dSK7FKZUk0xIdNmsE,Girl Of My Dreams,Cornell Campbell,0.00854,0.526,0.578,0.511,0.00371,0.15,76.772,-9.576,1,0,198560,4
0c364CCDG0Jv3eeoqueg2Q,Cover Me,Tinga Stewart & Ninjaman,0.176,0.869,0.787,0.974,1.75e-06,0.0941,88.28,-8.116,1,7,199133,4
3Az8go9U06odZrgjboL8eV,Sounds of Summer (with Slightly Stoopid),The Movement,0.0313,0.718,0.654,0.798,4.8e-05,0.159,77.951,-6.037,1,9,221621,4
0s4jINkD2RoxH96zpy2i0D,Volcano,Jimmy Buffett,0.332,0.652,0.474,0.88,1.03e-06,0.204,176.966,-14.436,1,5,219893,4
0LSHXCQswjJre98L53YrOH,Here I Come,Dennis Brown,0.0364,0.856,0.438,0.584,2.06e-06,0.226,74.3,-10.39,1,7,266200,4
624XKEGCHE2zGHbt8oLuPk,Housewives Choice,Derrick & Patsy,0.536,0.656,0.681,0.791,1.11e-05,0.033,118.304,-5.519,1,0,160707,4
0LtOwyZoSNZKJWHqjzADpW,Feels Like We Only Go Backwards,Tame Impala,0.0277,0.303,0.9,0.491,0.635,0.0574,149.508,-2.352,0,2,192960,4
6s7crv5t6jivuWgO35Sd02,Inspiration Information,Sharon Jones & The Dap-Kings,0.154,0.609,0.733,0.597,0.00289,0.0892,167.439,-5.722,1,7,243547,4
6qoKAjU70Zn8qDF3NJ7mv5,VIVA ESPAÑA !!!,Bb trickz,0.167,0.758,0.561,0.905,0.0,0.351,150.129,-9.246,1,2,79022,4
670797tGR5rEdxRiaqgr0J,Boat Drinks,Jimmy Buffett,0.00523,0.645,0.521,0.899,8.06e-05,0.0308,126.182,-11.027,1,2,158933,4
0s7ymznzTuEfMgrvdG3ejv,How Long,Pat Kelly,0.254,0.504,0.578,0.87,0.833,0.0353,132.605,-5.656,1,5,214520,4
5Pe4ydUnsdynr3zu9UTNFE,Sail Into The Sun,Gentlemen Hall,0.0363,0.551,0.849,0.697,1.24e-06,0.0381,105.931,-4.786,1,2,214600,4
6AyYCOU5ra2dc9AvNGr0Lx,Better Dan Dem,Sonikgroove,0.151,0.801,0.538,0.763,0.0357,0.0732,92.012,-7.194,0,7,262556,4
6MFWhzNSsLdW3WtsuBZsOg,She's Gone,Bob Marley & The Wailers,0.14,0.588,0.501,0.602,5.22e-06,0.189,147.62,-8.598,0,6,145773,5
11DjMSRVfTVb0lGjVY171h,Oh Carolina,The Folkes Brothers,0.909,0.82,0.652,0.799,0.941,0.079,118.927,-9.449,1,8,163978,4
1e4VI5FvKgh1BYWhxMINnl,Overflow,Bootleg Rascal,0.589,0.757,0.629,0.681,0.285,0.0685,73.007,-8.376,0,10,226720,4
1fXCLh29itrFNjikLazmAB,Hard To Handle,Guy Sebastian,0.0567,0.495,0.885,0.751,0.0,0.156,190.702,-3.645,1,10,172547,4
5plw5Sq1eAewuQi4rYeL8l,Closer to You,Amo Amo,0.592,0.617,0.551,0.659,0.0626,0.0277,97.416,-7.932,1,0,231640,4
7enGAwf3022IXQc3gZjZNj,Sunk In The Mist,Jr Thomas & The Volcanos,0.633,0.767,0.576,0.944,0.727,0.07,78.611,-9.735,0,8,150015,4
34eaklDr2vqwS8L3LZvEB6,"Hard to Handle - Live at Fillmore East, New York City, NY February 14, 1970; 2001 Remaster",Grateful Dead,0.601,0.715,0.763,0.897,0.00759,0.0472,97.181,-9.73,1,4,375400,4
6zsQroI5lbsfqqLchD5n9y,Live On,The Flying Stars Of Brooklyn NY,0.579,0.513,0.626,0.469,0.000633,0.0582,155.148,-8.843,0,4,249663,4
1VGzxJnVQND7Cg5H5wGj14,YEAH RIGHT,Joji,0.619,0.672,0.588,0.204,0.241,0.133,169.033,-9.573,1,1,174358,4
2lPfcRMRLffiBTwLA9S8Vc,Night Nurse,Gregory Isaacs,0.0318,0.822,0.298,0.931,0.0299,0.162,74.679,-14.86,1,7,245667,4
3XR9YNF0r5MVSRhAVdQWIC,Ah!,Bb trickz,0.226,0.628,0.547,0.685,2.74e-06,0.063,142.995,-8.926,1,8,80603,4
7MjTPvXSAYB1NyzXLQKsMn,Oh Carolina,Shaggy,0.485,0.849,0.832,0.939,0.0,0.128,124.558,-7.83,1,0,190893,4
5p3kVMB5spe9fY9CKNAiRm,Right Time - 2001 Digital Remaster,Mighty Diamonds,0.33,0.837,0.382,0.56,6.14e-05,0.052,139.042,-10.726,1,2,197200,4
501l3kOZtdjL6qhFy9HkBZ,Iron Bars,Stephen Marley,0.0338,0.828,0.709,0.817,1.68e-06,0.178,99.789,-4.55,1,1,255040,4
7JPNvoMjoIXkTDAMx9Aajj,Tezeta,Mulatu Astatke,0.962,0.549,0.254,0.541,0.931,0.0416,81.484,-14.48,1,10,368539,3
6vKSrqeuPqnlsqDbBj6F3n,Sir Duke,Stevie Wonder,0.157,0.583,0.546,0.952,0.0,0.0742,106.65,-10.885,1,6,232093,4
27r3dprRqVSEmtFwP6o31I,007 (Shanty Town),Desmond Dekker,0.111,0.681,0.501,0.863,0.221,0.344,203.605,-7.796,1,9,148827,4
0wNvEGHOkDs9qvTWTuIFdM,Music is Ours - Saxmental,Calm,0.315,0.67,0.559,0.349,0.923,0.0343,92.961,-10.958,1,0,392335,4
3jbT1Y5MoPwEIpZndDDwVq,Adicto (with Anuel AA & Ozuna),Tainy,0.017,0.734,0.836,0.623,1.64e-05,0.0735,80.002,-4.803,0,10,270741,4
45S5WTQEGOB1VHr1Q4FuPl,Golden,Harry Styles,0.21,0.448,0.838,0.254,0.000131,0.0557,139.863,-5.257,0,4,208907,4
0ioU1KUrLCyLiTxlJpBmgF,We Fell for Miles,TOUCAN,0.42,0.702,0.669,0.759,1.54e-05,0.0329,105.987,-6.217,0,7,227785,4
0ZIvG6UYFvVhDbpFi645Pj,You're No Good,Ken Boothe,0.0243,0.874,0.41,0.753,0.0777,0.0766,128.898,-13.785,1,7,280947,4
7EIHl1xmO7UEtTEPczPj8i,Island Time,Bumpin Uglies,0.302,0.737,0.751,0.961,0.00155,0.039,151.884,-4.063,1,6,258773,4
37PW5zbkDIya8arHEHEo6q,Yellow Mellow,Ocean Alley,0.0231,0.493,0.852,0.499,9.72e-06,0.0802,86.309,-3.349,0,11,225656,4
5UPAsUyaojOEDhVq7wqSuz,Ené Alantchi Alnorem (I Can't Live Without You),Girma Hadgu,0.749,0.469,0.204,0.342,0.809,0.0518,79.445,-17.183,1,3,302293,4
7GmiJVBAzWNikX5VkNQg85,Hawaiian Roller Coaster Ride,Mark Keali'i Ho'omalu,0.314,0.702,0.624,0.947,0.0152,0.0285,114.542,-9.927,1,5,208227,4
45FrYVS9BScbfO8lujdsW0,Saturday Sun,Vance Joy,0.484,0.636,0.864,0.707,0.0,0.0469,99.995,-4.381,1,8,214720,4
4gmkih4i1HL7GPHG1iNTWm,"Kinky Reggae - Live At The Record Plant, 1973",Bob Marley & The Wailers,0.15,0.727,0.53,0.764,0.00375,0.453,80.042,-10.376,0,9,307413,4
7fHh8PFkxQnKYw8vKPLlg3,imagine (feat. Aitch),Omah Lay,0.514,0.689,0.716,0.219,0.000189,0.375,98.776,-5.636,0,2,166272,4
5WxX5zSelMldJIy40WzSEV,On the Low,Burna Boy,0.692,0.816,0.781,0.937,0.00928,0.0425,99.95,-4.237,0,1,185899,4
7lqFfTDNavCqNQ1xEEVQlB,My Way Out,Tunnel Vision,0.00449,0.339,0.784,0.715,0.0,0.0793,165.998,-5.826,1,2,256397,4
2i7iZaZcD11zjzcNsDTnuC,Calor,Juicy BAE,0.19,0.697,0.571,0.308,2.08e-06,0.27,99.97,-8.696,0,9,204356,4
60pHETtVZP4hddnCg1sKpb,Believe in Me,Flamingosis,0.0161,0.722,0.576,0.716,0.00142,0.0492,88.017,-12.231,1,8,245028,4
6rl3vAhMaLPTS2h2vywfKg,Ma Jaiye Oni,King Sunny AdŽ,0.31,0.492,0.723,0.881,0.0621,0.0366,102.536,-10.133,1,11,308707,4
4HPICq1aeAqiFKWnVE4emS,La Llorona,Guacamayo Tropical,0.285,0.78,0.332,0.424,0.673,0.179,75.013,-11.127,0,5,282165,4
6RKGBcDtgzXx21zUjpeu6F,Cold Cold Man,Saint Motel,0.00652,0.613,0.661,0.509,0.0,0.0263,110.978,-4.984,1,9,230773,4
7daXYnlUL170qa1UXAeu00,Judge Not,Bob Marley & The Wailers,0.323,0.743,0.562,0.963,1.94e-05,0.0385,121.253,-9.309,1,5,146286,4
3ddNKnYpVx0uI8vcwbTQ5Y,Sheesh!,Surfaces,0.161,0.743,0.832,0.801,0.0,0.0611,149.951,-3.937,1,5,148847,4
7hb8TE6QSGjNoU5ACKGEKH,Morenita,CERO39,0.333,0.817,0.483,0.867,0.0321,0.0437,136.006,-7.175,0,7,228647,4
2TF9pM5gfqgtrKHMYOKxPd,Cool Breeze,Big Youth,0.25,0.822,0.616,0.665,1.15e-05,0.181,83.692,-5.509,1,8,203093,4
2X7maAussnlr7RNFTWY1qY,Midnight Track,Owen Gray,0.434,0.665,0.668,0.922,0.000202,0.0399,129.707,-8.028,1,1,145920,4
3s8Anp8dKObIw8Zy8uGgYC,Dominoes,Donald Byrd,0.0171,0.693,0.603,0.823,0.0112,0.0378,103.552,-10.675,0,1,273133,4
5VsZxcRWnfX9b4SNH0KjuK,People Make the World Go Round,Hortense Ellis,0.396,0.854,0.643,0.965,0.00273,0.0953,81.187,-8.988,0,8,198000,4
5atlAt28h9xM5wxPspr5MU,Whole Wide World - Unpeeled,Cage The Elephant,0.377,0.405,0.751,0.762,0.0,0.0392,120.807,-3.608,1,5,205707,4
7opFLwPI53eORdmxyv7Y3f,I Root,Michael Nau,0.864,0.641,0.513,0.525,0.185,0.0304,116.617,-9.957,1,3,138097,4
7aJZxI6TVdIvQSuWxQ4rqp,I Can See Clearly Now,Jimmy Cliff,0.00482,0.799,0.662,0.717,0.000505,0.0347,120.082,-8.585,1,7,196000,4
0PywzrV955BnXDC8FHAf0n,Jackie and Wilson,Hozier,0.0579,0.563,0.727,0.745,7.59e-06,0.036,82.311,-4.202,1,6,223120,4
685lOtsoR6cSNzIZ1srijh,More Than Memories,Jr Thomas & The Volcanos,0.301,0.811,0.415,0.714,2.1e-05,0.069,78.422,-8.072,1,0,173087,4
7GUDlmw2a0b0OzaphiRIl4,Girls In June,Dirty Art Club,0.603,0.373,0.713,0.341,0.000445,0.0806,101.411,-8.746,0,9,149157,4
4mEtxy9SBGfyeeYvWFC0hI,Israelites,The Harmony Group,0.461,0.883,0.477,0.933,0.236,0.12,138.024,-11.042,1,10,157173,4
41Pj2hew79CyvNjEr2yd4T,Move Out a Babylon,Johnny Clarke,0.00194,0.82,0.325,0.672,0.0,0.101,90.345,-14.633,1,1,202907,4
4gSzybUUByiMfSLn16AHoi,My Conversation,The Uniques,0.727,0.598,0.439,0.65,8.32e-05,0.0424,85.564,-8.668,1,1,224000,4
5Cl0T1nwxwxyMnrAXz9uQB,Nantucket Island,Willie Wright,0.0242,0.484,0.604,0.931,0.00223,0.0359,168.837,-8.508,1,11,222213,4
4rCKRVJZKVysScn2piDuOT,Something For Your M.I.N.D.,Superorganism,0.132,0.698,0.542,0.664,0.00117,0.131,140.096,-4.317,1,2,165391,4
46RVKt5Edm1zl0rXhPJZxz,Down Under,Men At Work,0.0485,0.746,0.79,0.891,0.0261,0.0257,107.231,-4.7,0,11,220867,4
0wXuerDYiBnERgIpbb3JBR,Redbone,Childish Gambino,0.169,0.743,0.344,0.577,0.00879,0.118,160.15,-11.174,1,1,326933,4
4zg2zMNSI0W8ipGA32kKp5,The Cult of Dionysus,The Orion Experience,0.00739,0.66,0.854,0.822,0.0,0.029,137.498,-3.728,0,1,185307,4
4FeGoquZz4ShR280GEtUyY,Brunch With Suki,Mark Barrott,0.213,0.745,0.541,0.895,0.931,0.0398,97.997,-10.331,1,1,224428,4
2b5OSYGfJZfJiRPLiD1ySg,Wet Dream,Max Romeo,0.189,0.744,0.558,0.954,0.719,0.0386,77.576,-8.404,1,5,160600,4
5f9F5d6xMGbrIpevlSAbF5,Hard to Handle - Remastered Version,Harpers Bizarre,0.432,0.513,0.489,0.608,0.00014,0.432,191.389,-14.401,0,4,138133,5
1hAsWvX1XHGbCEHDGhGs89,In The Rain,Ernest Ranglin,0.418,0.637,0.531,0.672,0.799,0.0551,144.492,-9.876,0,8,211280,4
4dRqYKhLVujxiBXcq50YzG,This Life,Vampire Weekend,0.228,0.62,0.712,0.83,3.39e-06,0.1,170.234,-6.434,1,9,268600,4
2ULAGskxuv9oRp88TAG3JX,Saana,Ebo Taylor,0.613,0.689,0.758,0.825,0.18,0.0557,108.438,-6.601,1,0,349147,4
5IMtdHjJ1OtkxbGe4zfUxQ,Escape (The Pina Colada Song),Rupert Holmes,0.469,0.835,0.509,0.949,4.11e-06,0.0548,138.711,-13.668,1,0,276493,4
7fUY7l9bzrVALFIlO5UwgD,KUPE,Babyboy AV,0.536,0.782,0.698,0.713,0.0,0.0479,105.964,-5.71,0,6,137757,4
61ZJ30zmi9p8r6AhHGf0ei,Blood & Fire,Niney The Observer,0.69,0.853,0.499,0.825,0.00865,0.0602,83.433,-6.541,1,2,180613,4
6u6cVUPAS1NchXpAD7PN2P,Alligator Years,Twinsmith,0.00868,0.702,0.709,0.755,0.000972,0.0326,109.958,-6.48,1,2,168640,4
13dUdcqUMuSeo8rZwJfVz6,Give Me the Night,George Benson,0.384,0.854,0.744,0.865,0.0379,0.0476,109.938,-6.922,1,1,223160,4
37JNHHrTofN1SPd26itroQ,I Think I'm Falling In Love,Leroy Hutson,0.302,0.709,0.837,0.76,0.000925,0.381,108.096,-9.962,0,5,219173,4
42HaJ7QlInzQ5vHKWb5Ixa,The Way You Do The Things You Do,UB40,0.248,0.885,0.534,0.896,4.77e-05,0.155,80.857,-8.191,0,5,183227,4
1pt9MqNMJQUHtdTwaswwwR,Egberi,KAESTYLE,0.635,0.663,0.895,0.783,3.61e-05,0.048,139.868,-2.476,0,4,139714,4
1dv9NZzzUeuMRwqqnsWbyW,All Day All Night,Moon Taxi,0.0155,0.549,0.946,0.364,0.00238,0.043,105.22,-3.567,1,2,231367,4
1EL4koBxcq2zzxVzi6RIYX,Pico Selector,Panoptica Orchestra,0.0787,0.808,0.735,0.816,1.31e-05,0.111,92.032,-7.786,1,0,225666,4
1PlYxNrefqOBvk52umixt9,Gbona,Burna Boy,0.564,0.798,0.813,0.942,0.000142,0.162,93.912,-5.869,0,4,187609,4
2VZ5AopVkzNV0O7x6xCDnc,Hard to Handle,Karizma Duo,0.75,0.531,0.35,0.376,4.83e-06,0.0463,175.588,-7.081,1,9,212325,4
7fwcnqwHgzROINweFX4oxr,No Other Woman,Linval Thompson,0.0454,0.659,0.398,0.93,0.0,0.625,144.743,-10.705,0,10,123627,4
5uUhS7XDkyycNa5FaNfPGT,D'yer Mak'er - Remaster,Led Zeppelin,0.262,0.525,0.929,0.556,2.9e-05,0.0784,163.503,-8.56,0,9,262748,4
3hzOEQJPME4Y1E91d8gnN2,Six And Seven Books Of Moses,Toots & The Maytals,0.198,0.807,0.375,0.954,0.0,0.048,115.831,-12.222,1,1,146379,4
1SHA4IJyiyNobDOrQzFFXy,Animal Spirits,Vulfpeck,0.156,0.753,0.713,0.906,9.59e-05,0.0539,100.859,-7.333,1,1,190802,4
7jS9Kr6NlohRkUqeGctAr4,Freedom Lover,Ocean Alley,0.0365,0.522,0.744,0.368,1.31e-05,0.0412,136.714,-4.513,1,8,212683,4
7uwTBBTRv4ZpjT5cXewNCN,On a Sweet Lahaina Night (feat. Barry Flanagan),Mondokane,0.458,0.726,0.495,0.688,0.000193,0.0262,114.035,-4.972,1,2,231645,4
3Am0IbOxmvlSXro7N5iSfZ,Strawberry Fields Forever - Remastered 2009,The Beatles,0.336,0.39,0.502,0.289,0.000129,0.178,97.873,-12.277,1,10,247320,4
3QXQ4J0akuPQjXS8SRpOrd,Amponsah,Ebo Taylor,0.665,0.706,0.844,0.897,0.0882,0.0474,109.807,-5.147,1,5,257293,4
4EEjMyQub6tgFVshlM9j1M,Margaritaville,Jimmy Buffett,0.709,0.801,0.545,0.862,0.00176,0.0357,124.941,-13.637,1,2,250933,4
0mMm0GwP00quOUxxivysa1,Happy Go Lucky Girl,The Paragons,0.759,0.531,0.386,0.801,0.0449,0.0684,203.737,-10.056,1,0,198000,4
1afgKc8jes8r8gMO7UWhXd,Fiesta en el 32 - TC Chimba Refix,Territorio Comanche,0.00439,0.778,0.873,0.626,0.85,0.0436,109.999,-7.746,0,4,324357,4
45rBYcTNp9fskUoNzJMGkp,Salt & Pepper,DOPE LEMON,0.547,0.722,0.493,0.797,0.494,0.026,105.044,-12.961,0,0,328627,4
4wBvSzfafTu6PF0eaHJzLD,Lucky Once,Nick Waterhouse,0.754,0.682,0.465,0.375,0.835,0.0312,95.417,-12.16,1,5,344133,4
3WkeHLynlGE1XyMs2EX8So,Hard to Handle,Tony Joe White,0.562,0.733,0.626,0.62,0.0908,0.11,105.36,-11.989,1,4,173600,4
0xYlNtVflZPG1pUbk4qp77,"U Say (feat. Tyler, The Creator & Jay Prince)",GoldLink,0.0673,0.694,0.665,0.378,0.000187,0.266,115.068,-7.626,1,2,200801,4
18nQjbMlzRnH0J10nAZPpP,Punanny,Admiral Bailey,0.0187,0.82,0.654,0.756,0.000495,0.0714,175.647,-5.437,1,7,218440,4
2fAHplwEI9uuTSPaG20d3j,Hard To Handle,Big Sam's Funky Nation,0.00057,0.49,0.855,0.784,0.0798,0.111,115.211,-5.544,0,10,253240,4
6aJ6X1z2AZgH5kOVJefgWI,DOWN IN THE VALLEY,NATURAL CALAMITY,0.199,0.674,0.43,0.531,0.775,0.0372,159.951,-13.9,1,4,402693,4
6V5YTk0JDEfjCSRMxCua2y,Everything I Own,Ken Boothe,0.0729,0.662,0.506,0.737,0.0,0.0571,76.701,-7.562,1,5,224920,4
2PtBhfoPZ6VYtXkrE5FrCH,Reflections,MisterWives,0.0223,0.683,0.675,0.6,0.0187,0.0292,111.008,-5.461,1,2,186440,4
0nOqgEU2liynPquNTknp8a,Shame On Love,Johnny Ruiz & The Escapers,0.0284,0.724,0.561,0.899,0.0346,0.0464,145.571,-9.074,0,0,226298,4
3DX8wXmuWNVrUN0QfcLKWZ,Time and Reflection,Giant Panda Guerilla Dub Squad,0.0265,0.758,0.565,0.685,0.00336,0.0485,87.009,-7.787,0,9,204933,4
6GnhWMhgJb7uyiiPEiEkDA,Weekend (feat. Miguel),Mac Miller,0.47,0.843,0.435,0.19,0.0,0.178,120.058,-8.442,1,8,208080,4
7wvyndYG47ihDzA5Au5JN6,Dancing Mood,Delroy Wilson,0.141,0.861,0.678,0.821,0.000331,0.214,90.383,-7.247,0,10,138142,4
6pVlTCKpUK1TGfWtaWWcSx,Soul Rebel - 1990 Digital Remaster,The Gladiators,0.021,0.822,0.324,0.698,0.000302,0.0422,84.3,-12.85,1,0,237000,4
3SU4qmYFMI353KqmfDduQo,Loco Mio,Noriel,0.0339,0.579,0.839,0.583,0.00675,0.0708,120.217,-3.955,1,11,184123,4
2yNzqMXy5hDgkiASaNfLji,Hard to Handle,Garou,0.0541,0.777,0.796,0.823,6.39e-05,0.128,95.013,-5.006,0,1,209040,4
64f7mZuEkeNeKOuzSjrIGm,Big Thug Boys,Babyboy AV,0.418,0.866,0.719,0.813,0.00428,0.173,108.091,-4.197,0,10,171999,4
2pg2TiYo9Rb8KeB5JjP7jS,Sativa,Jhené Aiko,0.316,0.741,0.61,0.72,0.0,0.0511,125.99,-7.34,0,6,276960,4
1Lyo0G6hpTjWfWi8zjd9Wz,My Darling,Victony,0.484,0.772,0.501,0.824,0.127,0.167,102.052,-8.691,1,1,193500,4
7gjnP3VGpnDpCVn3ZzmtvW,BEACHY,Daddy Yankee,0.192,0.783,0.695,0.785,2.88e-05,0.0383,110.016,-4.784,1,8,168000,4
7bIf5ldnm5aTBpq3LxzTSf,What Have I Done,The Frightnrs,0.72,0.878,0.429,0.961,0.0255,0.0441,94.511,-8.726,1,1,208973,4
3xRWsT7veDhHKEjeNO11ib,Upside Down,Nomo,0.346,0.571,0.873,0.721,0.595,0.0401,90.785,-5.533,0,4,274333,4
5Tuep0cDZI1D54Il9MJdoB,Trust,Buju Banton,0.126,0.618,0.622,0.312,0.0,0.312,114.017,-7.05,0,11,185733,5
4DQttwipnILl88cru3BRZx,Night Nurse,Gregory Isaacs,0.039,0.824,0.366,0.895,0.106,0.145,73.949,-10.96,1,7,249533,4
0ybcE5T4NKLJSMIZUHSRlD,King Prawn The 1st,Spang Sisters,0.328,0.605,0.548,0.576,0.0177,0.044,89.703,-9.301,0,9,156788,4
6lmLUNd7mcyYqKcg6EIAOu,Coming In From The Cold,Bob Marley & The Wailers,0.258,0.734,0.631,0.962,2.43e-06,0.098,141.478,-6.887,1,5,271023,4
2dfH30OKwewLzmBLwXjfEZ,Bailame el Agua - Dedy Dread Remix,G. Combo,0.239,0.757,0.723,0.645,0.147,0.0979,79.994,-6.607,1,9,348000,4
070g9tY4h59syO9Sk7E9dS,My Boy Lollipop,Millie Small,0.343,0.672,0.696,0.97,8.18e-05,0.0442,132.089,-6.167,1,2,120053,4
1bhKFWkQ4cQtk9GOgx7jb5,Hard To Handle,Patti Drew,0.163,0.446,0.79,0.961,0.0,0.0954,198.108,-8.046,1,0,148280,4
2PjF3qeWeC9RPvmEnjbycW,Make Your Mind Up,Moon Taxi,0.0046,0.746,0.839,0.757,9.31e-05,0.0298,121.923,-4.156,0,9,213067,4
2I43coEbzFSTMGO3kCjLMB,Daylight,Matt and Kim,0.0851,0.583,0.79,0.714,0.000387,0.0319,103.286,-4.885,1,9,171333,4
21P7RsVYtDybZUoLvlmE7g,I Don't Want to Be Outside,Horace Andy,0.576,0.731,0.228,0.847,0.0297,0.159,144.435,-21.255,0,10,214453,4
3F1hZN0HKt1YA83t2OwEFo,Mind Mischief - The Field Remix,Tame Impala,0.0002,0.542,0.559,0.0802,0.942,0.0276,89.87,-8.615,1,1,647788,4
23XYtrrx3Wd0gOGMOlXVRg,Double Barrel,Dave & Ansell Collins,0.292,0.576,0.529,0.734,0.00214,0.276,74.481,-10.074,1,5,170307,4
1wVklb85pKYaoCGx9jybqm,Life's 2 Short,DENM,0.339,0.485,0.707,0.541,0.0,0.0765,79.744,-5.598,1,0,240728,4
5Ypk2e3qyDuBUUysti3cbW,Serpiente Dorada,Dengue Dengue Dengue,0.00498,0.819,0.61,0.482,0.321,0.0607,160.048,-5.088,1,0,189569,4
6pIglro3FolpfIcLWInkDC,Parranda Estelar,Sonikgroove,0.00207,0.827,0.664,0.683,0.914,0.0821,95.011,-9.984,1,7,240183,4
1JYYpznfdK5Nm876KatsGC,One Thousand Tons Of Megaton,Roland Alphonso,0.74,0.642,0.559,0.969,0.233,0.129,154.032,-8.209,0,5,131541,4
3y8rEUEUdmAcPCpPoLotnO,Run-Around,Blues Traveler,0.0675,0.592,0.905,0.814,0.0,0.0851,151.958,-5.648,1,7,280093,4
5iSEsR6NKjlC9SrIJkyL3k,Pursuit Of Happiness (Nightmare),Kid Cudi,0.484,0.629,0.606,0.288,0.0001,0.0412,115.275,-8.951,1,0,295293,4
7vGAEyrVqWNmCFVhadutHZ,Satisfy My Soul - B Is For Bob Mix,Bob Marley & The Wailers,0.00157,0.824,0.441,0.662,9.63e-05,0.19,128.667,-8.723,1,7,270733,4
7eivxjw6BUxwkgTcQqyYVW,Don't Let Me Down,Marcia Griffiths,0.404,0.692,0.662,0.948,0.00509,0.0531,157.372,-10.045,1,4,204533,4
5X13b4CYce5Y6NYPfmYsXr,One Draw,Rita Marley,0.0312,0.791,0.43,0.716,0.000189,0.068,89.519,-11.316,1,2,265627,4
5ogtCRgBDDaPjInCBcFHTg,Cruisin' to the Parque feat. Y La Bamba,Durand Jones & The Indications,0.523,0.647,0.68,0.842,0.0201,0.05,146.54,-6.93,1,2,215205,4
50uGbeaQIxKiSc7jvRTjWx,(Sittin' On) the Dock of the Bay,Otis Redding,0.724,0.484,0.312,0.598,1.65e-06,0.0535,205.981,-13.522,1,2,166827,4
2qmHhaOmlcKDeGfipGhF1j,Africa Unite,Bob Marley & The Wailers,0.191,0.904,0.431,0.751,0.00179,0.116,127.57,-10.14,0,11,175627,4
2aPTvyE09vUCRwVvj0I8WK,Sundress,A$AP Rocky,0.181,0.721,0.707,0.743,3.68e-06,0.0595,125.005,-6.364,1,6,158206,4
6bLa7nEmXQHV9wzBuzMjnF,Don't Try To Dub Me,The Aggrovators,0.318,0.925,0.466,0.916,0.674,0.231,131.455,-13.036,0,1,193971,4
1Cv1YLb4q0RzL6pybtaMLo,Sunday Best,Surfaces,0.183,0.878,0.525,0.694,0.0,0.0578,112.022,-6.832,1,5,158571,4
2nkuZha8Oe9puQ8ZX1P9ha,Set Sail,The Movement,0.216,0.747,0.657,0.726,0.0,0.0524,96.288,-5.993,1,7,216477,4
5nzMdThjKxYhaz9IAM1GhL,Revolution,Toots & The Maytals,0.662,0.672,0.359,0.779,0.00686,0.0339,146.99,-11.138,0,0,211200,4
2rXHkBrJxrraeYLwuNqlpn,Hard To Handle,Toots Hibbert,0.189,0.768,0.539,0.838,3.37e-06,0.0672,95.546,-10.689,1,8,178240,4
1Rn8r2fbWCJhUbCGHimH0t,Curly Locks,Junior Byles,0.101,0.818,0.555,0.556,0.00144,0.271,138.474,-11.299,1,7,181560,4
1qPhcG9LKdW4MgAvR6yPx1,Puro Comer,Elegante & La Imperial,0.000106,0.651,0.62,0.809,0.891,0.132,210.01,-7.245,0,6,260992,4
4UIKCra6Hdg9tNo8QT2EZs,Prophetic Dub,The Aggrovators,0.00809,0.78,0.488,0.691,0.648,0.0844,140.526,-12.69,0,6,233265,4
1KePmTKTEKgpfLwSFLdnyM,"You, Still",The Frightnrs,0.192,0.671,0.575,0.764,0.416,0.132,79.143,-8.075,1,1,265360,4
25yQPHgC35WNnnOUqFhgVR,Lucy In The Sky With Diamonds - Remastered 2009,The Beatles,0.0469,0.311,0.325,0.668,0.0,0.0283,65.09,-9.042,1,2,208467,1
4SNxXAQ8QMlxLhYVX7nuoE,Tenement Yard,Jacob Miller,0.229,0.888,0.521,0.962,0.0,0.306,143.879,-6.845,1,4,154333,4
7bLOZu7axJuWw5GDLY7nEe,Love And Peace,Quincy Jones,0.822,0.472,0.356,0.229,0.631,0.0374,97.295,-15.277,1,9,348507,4
2K6p2A5t2zA0QQiPWiiHLc,None Shall Escape The Judgement,Johnny Clarke,0.0819,0.745,0.602,0.823,0.0,0.137,93.034,-7.624,0,4,220533,4
3raVslvtVpraljxTHkQZ1A,Peace In The Valley,Roman Stewart,0.195,0.793,0.643,0.874,0.19,0.0859,130.389,-5.337,1,9,163240,4
4qabPWXYmTgayl0IFZmIpQ,Steady Rock,The Aggrovators,0.481,0.647,0.464,0.711,0.00997,0.0506,173.503,-5.112,1,0,159027,4
7xLwzs1EX5wYbmurZUwQiG,One Step Ahead,Victor Axelrod,0.376,0.788,0.416,0.57,6.72e-05,0.105,81.262,-9.43,0,4,203773,4
6AvkjrWvaqmt1RRL7r5tOC,Three Little Birds - Alternate Mix,Bob Marley & The Wailers,0.0212,0.833,0.674,0.786,2.81e-06,0.0828,148.289,-5.172,1,9,178000,4
4vPLhf1tEQb7r9Q0llWdee,River Jordan,Sugar Minott,0.698,0.656,0.402,0.653,0.0707,0.0917,75.255,-12.522,1,2,189053,4
5H6SZcjJzBNsB2VzKW2Ivd,Tiempo,Ozuna,0.25,0.778,0.752,0.791,0.00386,0.149,180.017,-4.976,0,1,171814,4
6f9e1kawuweP83BhNXijNM,Perreo Intenso Instrumental - Sabo Remix,Empresarios,0.0415,0.856,0.611,0.468,0.572,0.145,95.003,-6.927,1,0,242526,4
1S3h78RMSmguqFsvLyhFxl,Hard Man Fe Dead,Prince Buster,0.671,0.718,0.556,0.86,0.0,0.0619,116.562,-8.87,1,8,217104,4
4aetgBuI5iRQpjy8gdGxY8,Lucidity,Tame Impala,0.12,0.37,0.876,0.515,0.0464,0.0591,147.016,-6.317,0,6,271880,4
1HhbRQgLfoVIASpaM3s88n,Cry To Me,Skip Marley,0.0282,0.662,0.631,0.557,1.66e-05,0.0373,82.069,-6.669,0,5,232213,4
6JtCPN4n79qca5GFvyPLLg,Shame And Pride,Leroy Smart,0.0123,0.836,0.297,0.681,2.95e-06,0.102,130.992,-12.596,1,7,240120,4
505v13epFXodT9fVAJ6h8k,AMARGURA,KAROL G,0.163,0.912,0.7,0.535,0.0,0.068,106.981,-3.331,0,6,170480,4
2wnsBaxrmkthIFAm6vqCuX,So Lonely,The Police,0.0123,0.541,0.571,0.73,1.55e-06,0.16,77.335,-8.308,1,7,289587,4
2m8knT0EYaPGJzi3s9m4f9,Good Times,Aṣa,0.754,0.487,0.468,0.433,0.000322,0.177,89.957,-10.063,1,5,223500,4
4rjocVJPAPEsN3V7KNeDIW,Hard to Handle,Harajuku Nation,0.151,0.675,0.71,0.834,0.0,0.0442,107.897,-7.001,1,1,191667,4
2tznHmp70DxMyr2XhWLOW0,Cigarette Daydreams,Cage The Elephant,0.0807,0.636,0.676,0.273,0.0,0.0263,113.98,-3.442,1,2,208760,4
1qWZdkBl4UVPj9lK6HuuFM,Burning Fire,Jr Thomas & The Volcanos,0.0329,0.785,0.683,0.969,0.00088,0.0337,113.83,-6.944,0,4,282447,4
2YTrgbxNPcqzSXQY9acap9,Clouds & Cream,Sticky Fingers,0.0816,0.659,0.89,0.612,2.69e-05,0.057,90.005,-8.446,1,6,174347,4
7pmGTSCLjqv3IxprsHqfo0,Live By The Day,The Elovaters,0.249,0.752,0.678,0.784,0.0128,0.0456,146.037,-7.29,1,6,230497,4
43QbUYHz5yBgv76F4l68av,This Love,Bobby Oroza,0.594,0.553,0.661,0.826,0.131,0.0449,73.61,-5.975,0,4,285814,4
2hsknXtgTWBG29t8I9S9Sb,Iron Man,Rema,0.589,0.759,0.564,0.519,0.0357,0.0502,99.966,-3.584,0,11,201693,4
40EXFgNMOIQRQOwJZ8mJkC,Who Told You (feat. Drake),J Hus,0.156,0.732,0.736,0.87,0.0,0.323,76.656,-4.607,0,11,208917,5
4sfsDDLyTpMVbYr6a6iG7v,Drum Song,Jackie Mittoo,0.26,0.836,0.532,0.938,0.85,0.106,87.948,-11.223,0,6,220427,4
0vFV6DfCmNMImtKz0QKrWV,Exodus,Bob Marley & The Wailers,0.0303,0.869,0.751,0.96,0.00307,0.0487,132.835,-8.594,1,7,460333,4
4xuxMiCpES8B2AuVjfEnr8,All Day All Night - Jamaican Version,Bob Marley & The Wailers,0.0833,0.694,0.641,0.857,1.09e-06,0.155,139.007,-6.199,1,2,207067,4
4zn0kScuV9Oj28d4g9CQQs,Jamming,Bob Marley & The Wailers,0.102,0.934,0.467,0.73,3.98e-05,0.307,123.583,-10.99,0,11,211000,4
3USxtqRwSYz57Ewm6wWRMp,Heat Waves,Glass Animals,0.44,0.761,0.525,0.531,6.7e-06,0.0944,80.87,-6.9,1,11,238805,4
2Zw5FtdFtvKWg4h44GOv3R,Bad Card,Bob Marley & The Wailers,0.237,0.913,0.461,0.979,5.86e-06,0.059,110.189,-8.361,1,0,170293,4
2DFn7QiaiaNNWXuWLABatP,Fin De Semana,Lunay,0.329,0.828,0.945,0.891,0.00806,0.0704,96.0,-1.644,1,5,151562,4
5WNYg3usc6H8N3MBEp4zVk,Boredom (feat. Rex Orange County & Anna of the North),"Tyler, The Creator",0.79,0.559,0.578,0.239,0.000522,0.151,79.938,-9.54,1,8,320720,4
25UwHjMYrRqYNj2hXDUI98,Better Must Come,Delroy Wilson,0.0131,0.78,0.574,0.881,0.214,0.125,74.388,-6.213,1,9,155533,4
3PnmE9ErDG3mOTDoBi0PKk,Longé,Bryann,0.681,0.86,0.749,0.886,0.0116,0.0807,113.032,-6.996,0,9,186903,4
3zvfIDB88lhqfSAjrdwDjp,Make Me Happy,Alton Ellis,0.492,0.71,0.541,0.618,2.01e-05,0.279,171.995,-6.517,0,10,164675,4
3nZY7IAd5VJ9O2E5vHynx6,Declaration of Rights,The Abyssinians,0.9,0.671,0.335,0.737,0.925,0.0853,142.041,-17.021,0,3,199747,4
77oU2rjC5XbjQfNe3bD6so,Beast Of Burden - Remastered 1994,The Rolling Stones,0.39,0.784,0.879,0.893,0.000848,0.0308,100.622,-3.862,0,1,265173,4
2Qxn4coed4Rrk98dyHtgds,The Green Superintendent,Mako Road,0.557,0.703,0.745,0.786,0.0,0.0619,152.006,-5.498,0,6,183073,4
3KxiuTv3b3HqmmqsKrGNVI,Si Te Vas Conmigo,Lunay,0.483,0.726,0.733,0.561,9.18e-06,0.0746,173.976,-3.269,0,11,160000,4
1mCsF9Tw4AkIZOjvZbZZdT,Break My Stride,Matthew Wilder,0.195,0.917,0.588,0.828,0.0,0.0607,110.077,-11.047,1,10,184480,4
3q7HpRTWNCF7RVnLKBC9qs,The Russians Are Coming,Val Bennett,0.123,0.717,0.382,0.446,0.344,0.0731,157.781,-10.301,0,0,218370,4
26a6rTtPAHKQ2RA0xbdB6y,Bootleg Rascal,Sticky Fingers,0.508,0.671,0.481,0.487,1.14e-05,0.0486,136.045,-10.111,0,11,227320,4
3Y8rvXZCLQ2hnn8TlWylVu,I Want to Hold Your Hand,Glen Adams,0.22,0.663,0.44,0.685,0.0,0.0283,87.15,-7.35,1,4,152267,4
3BQgPxjaJVloaIxfqiqZmo,The Wild Life,Vacationer,0.0556,0.852,0.701,0.788,4.76e-06,0.128,160.085,-5.308,1,5,172672,4
5HXtu4hSesnxakyt18s0Md,My Willow Tree,Alton Ellis,0.717,0.643,0.455,0.952,1.29e-05,0.0292,85.666,-7.602,1,7,163533,4
2y7wMSf2FODF8WhzSELQE1,Hard to Handle,Street Corner Symphony,0.238,0.526,0.609,0.608,0.0,0.184,103.88,-6.933,0,6,183658,4
6735XqVNhuy9f1wp3oBarv,Ghetto Red Hot,Super Cat,0.401,0.849,0.728,0.913,0.0,0.342,97.748,-6.399,0,11,232400,4
7mtZSaYhvpZsM3tS5kypPb,One Drop,Bob Marley & The Wailers,0.108,0.898,0.48,0.819,2.29e-05,0.223,121.222,-7.352,1,0,232107,4
6UJThOHpnTSWu583jJ4dbo,Sun Go Down,Fat Night,0.404,0.792,0.657,0.755,1.02e-05,0.0281,111.998,-7.181,1,2,222321,4
2LNeP1ZZ0gqcxXiy8CbTIx,Bogle Dance,Buju Banton,0.0902,0.798,0.479,0.926,0.0,0.346,135.403,-13.577,0,1,177261,5
3r93HndrJRdvhxb4S8TnR1,If We Want To,M.I.L.K.,0.197,0.779,0.497,0.493,0.000161,0.211,108.062,-13.205,1,0,248843,4
1R4hG0ZP1PBrP14eeOhdB5,Destroyer,Dead Man Winter,0.00549,0.511,0.813,0.826,0.00207,0.0357,121.801,-6.78,1,0,184868,4
2EXz0VKt9gQ6bp2P6x7yR7,At the Hotel,Eunice Collins,0.836,0.777,0.339,0.24,1.58e-05,0.0817,89.692,-12.107,0,11,208533,4
1vyCaqiutTe1W7UGFzGKQL,Practice Twice,Sam Prekop,0.647,0.564,0.365,0.608,0.82,0.0338,77.295,-19.32,1,8,246573,4
0j2hYbbYeadrfJgII5bhea,Bandelero,Pinchers,0.0469,0.715,0.35,0.752,0.0,0.121,81.682,-13.846,1,11,213360,4
4sAQApEOLduYpmFMcXeRwo,In The Colors,Ben Harper And The Innocent Criminals,0.751,0.73,0.468,0.867,0.122,0.0414,154.705,-8.683,1,2,177200,4
6j7dYrN3dhBgWkbavk7Jo6,Boops,Super Cat,0.061,0.859,0.458,0.86,0.0,0.21,80.027,-13.446,0,11,257000,4
2rRXFhzzZ7uNvQTR54CTVk,Mood - Remix,Yeruza,0.0938,0.533,0.613,0.694,0.0,0.141,82.545,-5.153,0,2,247125,4
5483pcvbfX7Ii7gO5JGUpF,Jolene,Victony,0.361,0.671,0.683,0.248,0.0117,0.0497,109.957,-6.123,0,4,175000,4
5HQVUIKwCEXpe7JIHyY734,"Young, Wild & Free (feat. Bruno Mars)",Snoop Dogg,0.0525,0.715,0.655,0.531,0.0,0.137,95.078,-6.425,1,0,207333,4
6CCcab1AlRegusqwa1hE7E,Desire Be Desire Go - Live,Tame Impala,0.0288,0.145,0.845,0.486,0.000423,0.0565,149.816,-4.819,1,8,324140,4
6YjxV616rUS6G8uKTinOgi,Smooth Aisles,Michael Nau,0.825,0.672,0.338,0.593,0.0109,0.0303,108.904,-13.01,0,10,163227,4
58wKqm5AB6bLDuNyRfiKKX,Jo,Rema,0.463,0.508,0.773,0.637,0.00124,0.109,138.423,-5.325,0,10,187563,5
5iXuX70Sxp6sKdumBcQQW7,Katie Queen Of Tennessee,The Apache Relay,0.101,0.56,0.913,0.723,0.000207,0.0308,127.022,-5.388,1,2,204653,4
7GJjZEK9C4bMdn8BsdHXpE,Get Her Back,The Steady 45's,0.508,0.603,0.562,0.967,0.0,0.0662,207.196,-6.259,1,5,173307,4
0k3mATZj8vF8EboWGK8aNx,Hard To Handle,Henning Stærk,0.0353,0.64,0.845,0.948,1.76e-05,0.0313,111.911,-10.072,1,2,182507,4
3eRlXM0tGtAuBuUGuJRxxw,No Cigarette Smoking (In My Room),Stephen Marley,0.0349,0.703,0.525,0.766,0.0,0.0956,135.835,-4.859,0,6,220493,4
5uqqDha6xHfmP4Gu1VyYxd,Morning Sun,Al Barry,0.339,0.636,0.423,0.881,0.465,0.0671,112.657,-10.976,0,1,176091,4
2Y2mHoYXHhcCNEQAL4ebhW,Spoogy,Lester Sterling,0.0213,0.812,0.706,0.963,0.0557,0.117,79.377,-8.356,1,10,206201,4
6AHNmZniYckNDt5l0vwK8j,Wet Dream,Max Romeo,0.886,0.684,0.699,0.925,0.846,0.0336,77.043,-5.63,1,5,166480,4
73FDJgnjt6ZcxoiavN6XrS,Slow Down (with H.E.R.),Skip Marley,0.0409,0.683,0.715,0.77,1.72e-06,0.0789,99.989,-6.024,0,11,195067,4
7fE9r2qOJmjgruk3TdW4MD,Knees,Ocean Alley,0.0524,0.549,0.594,0.365,2.74e-06,0.0452,119.935,-9.359,1,0,286786,4
140dx97IbJbQhIMd7AaHeb,love nwantiti (ah ah ah) [feat. Joeboy & Kuami Eugene] [Remix],CKay,0.568,0.655,0.708,0.525,0.00117,0.141,186.017,-6.403,0,5,188093,4
6yqwxY8qifBBhyryjZutxk,MAMI WATA,Gazo,0.139,0.702,0.693,0.572,0.0,0.191,87.973,-4.941,0,5,233240,4
7e7kLujXF3G5IcHoskemSI,Misty Morning,Bob Marley & The Wailers,0.15,0.845,0.623,0.844,0.0,0.0578,124.992,-7.415,0,11,213867,4
47R0PbK383wSxPo8fV3BwI,Endless Memory,Roy Panton,0.0683,0.76,0.449,0.917,2.81e-05,0.0336,86.126,-7.877,0,3,159782,4
6j35G4WM4iU9yeJaKlL9C2,Para Bailar - Alika Y Nueva Alianza Remix,El Hijo De La Cumbia,0.106,0.819,0.883,0.973,0.00419,0.0628,93.986,-2.56,0,10,205453,4
7g8MgU8WgI0QR0RN4Rqem3,Pray,Victony,0.796,0.431,0.534,0.443,0.0502,0.126,185.665,-7.414,0,4,166027,4
5NhlpQ6BOIz3S5welptk1W,Sober,Childish Gambino,0.124,0.707,0.562,0.418,1.58e-05,0.0305,98.094,-7.621,1,0,252026,4
5oV25G6MZfKUNSu7GI4K9l,54-46 That's My Number,Toots & The Maytals,0.654,0.813,0.378,0.679,0.0,0.223,79.013,-9.056,1,0,206250,4
1KLj2ga6nbKMQRSBG8QJ9m,Water Pumping,Johnny Osbourne,0.0281,0.776,0.533,0.492,0.0,0.236,83.367,-13.143,1,7,187040,4
6xh0qPMF1D4u5yL9Gdm0cr,There's A Small Hotel,Dorothy Ashby,0.939,0.51,0.214,0.62,0.84,0.0383,98.295,-14.93,1,7,351307,4
5AJrhrwz4oSZX2PwwV4qrN,Time of the Season - Mono Version,The Zombies,0.142,0.537,0.7,0.695,1.58e-06,0.0366,117.111,-6.852,0,4,214027,4
0SLUNiULPVKvgudaIV8xhB,Jusqu'ici tout va bien,Okvsho,0.451,0.804,0.529,0.656,0.863,0.149,159.949,-11.921,0,5,206672,4
5GEOAsT5Wz4EeMjTz8v77A,Cumbia de Octavio,Tribilin Sound,0.0121,0.854,0.467,0.619,0.909,0.436,192.009,-10.715,0,6,402507,4
2MOjt3l5j0fCJVel7TxnKy,I'm Still Waiting,Delroy Wilson,0.348,0.701,0.647,0.705,0.0008,0.0506,84.655,-6.024,1,7,242520,4
3sgP8uyDLMBMoCIBzyXhYt,Kuff Kumbia,Sabo,0.0301,0.743,0.87,0.821,0.457,0.0708,91.993,-7.196,0,5,281120,4
0HdHd5mJlqFqv8PqAGDsEw,Cumbia Sobre el Mar (El Búho Remix),Quantic,0.187,0.651,0.731,0.692,0.138,0.0368,159.919,-6.004,0,3,312915,4
2tcuauvBQMH3a4B2Jug5sm,What Does It Take (To Win Your Love),Alton Ellis,0.11,0.812,0.448,0.874,0.00126,0.0505,116.557,-11.048,1,5,199560,4
1F6j0Av7r5UfFNJlSt5hAk,Pepe,Boy Spyce,0.0379,0.828,0.8,0.929,0.00836,0.0365,115.053,-5.694,0,6,133565,4
7KA4W4McWYRpgf0fWsJZWB,See You Again (feat. Kali Uchis),"Tyler, The Creator",0.371,0.558,0.559,0.62,7.49e-06,0.0959,78.558,-9.222,1,6,180387,4
5wHi0nR9PGCygrfhSxI3Hq,Beginning,Joeboy,0.149,0.878,0.668,0.962,0.000116,0.107,109.955,-7.076,0,6,158053,4
0npA0d5jbB01k53LMRccKP,Better Must Come,Delroy Wilson,0.00356,0.672,0.589,0.928,8.11e-05,0.104,73.489,-7.011,1,9,163920,4
2eZK2juLkZdQr4Mf4tuW1W,Pass The Tu Sheng Peng,Frankie Paul,0.0167,0.595,0.557,0.738,1.62e-05,0.152,79.724,-8.433,0,0,209293,4
72Xj5Hq6O0eMlX9YuleI4d,African Sounds,The Aggrovators,0.00937,0.804,0.499,0.266,0.211,0.0712,151.372,-8.754,0,11,209093,4
0OKZ5Pzde9RUIsAEvG8j2Y,Brooklyn Cumbia,Uproot Andy,0.0886,0.733,0.631,0.632,0.9,0.0389,107.941,-7.836,0,9,248451,4
5svnF9TMoMnerAMo3mmNnt,Jamming,Bob Marley & The Wailers,0.128,0.939,0.479,0.723,2.65e-05,0.282,123.68,-10.986,0,11,212640,4
6cmDFdYUqEgf3ZiG9cMaFi,Cool Me Down,The Movement,0.00621,0.734,0.648,0.624,0.0325,0.039,139.993,-7.867,1,10,252079,4
08r8dLobzYIZLrlKlf5zzI,Love,Rema,0.154,0.448,0.69,0.193,0.000749,0.0526,101.497,-6.301,1,6,250492,4
548VMNmi0XnxHCxqOaYcVy,Concrete Jungle,Bob Marley & The Wailers,0.36,0.702,0.74,0.785,0.00574,0.112,96.943,-6.427,0,4,252158,4
0s3NyWRBLiqsj1tfTidSpU,Rora,Reekado Banks,0.0259,0.605,0.688,0.69,0.00938,0.0397,92.038,-7.373,0,7,231093,4
3pUaOVZu9FXnpWcJhjM2tn,La Cumbia del Tarot,Cuarto Mundo,0.235,0.694,0.512,0.524,0.592,0.0758,163.97,-10.221,1,1,238253,4
4kUZvXB3LC3an3HX6h0s17,Cudi Montage,KIDS SEE GHOSTS,0.401,0.729,0.504,0.305,1.44e-06,0.0321,110.011,-6.784,0,8,197001,4
2RvMpOxSYXbOrrlCATGbs2,Ba Ba Boom,The Jamaicans,0.661,0.683,0.387,0.307,0.000981,0.0816,151.921,-11.362,1,3,201707,4
6AhOK0DwFbrRKsjHC6Marz,Domingo Street,Soy Manduka,0.0287,0.581,0.473,0.375,0.793,0.0496,171.978,-15.839,1,8,362187,4
5LFrfJoamWklIRu653HGum,Costilla De Raxet,LaBlackie,0.0244,0.876,0.714,0.415,0.0,0.0592,98.011,-3.997,0,1,136991,4
3PSUR87uYTJInyAyw1AzGi,Take Me To The Ocean,The Movement,0.124,0.685,0.81,0.651,0.000146,0.0401,85.025,-6.797,1,6,270314,4
45gEtPMel2bOJsESH27sry,Miss Jamaica (1962 Single Version),Jimmy Cliff,0.752,0.691,0.664,0.848,1.58e-06,0.0387,121.639,-3.675,1,1,141349,4
4o5CcQ1vD1Ikr0yeEcb9s6,Fuego de Cumbia / Dub de Sangre Pura - Dub Mix,Los Gaiteros de San Jacinto,0.184,0.509,0.522,0.625,0.00955,0.0881,89.337,-9.501,1,1,346280,4
2FpGKiMD2kGDn8Lb9RLRLk,Birthday Suit,Cosmo Sheldrake,0.828,0.739,0.575,0.532,7.35e-05,0.22,62.474,-8.109,1,8,80407,4
1RZmegserhG9sfMdWo0Jzr,La Cumbia Del Borracho,Sonikgroove,0.0312,0.863,0.431,0.728,0.488,0.13,87.997,-11.306,0,7,294000,4
2Wv7ETWvaAmsQT2hk0Hk76,Lips of Wine,Dennis Brown,0.121,0.858,0.473,0.93,0.000376,0.0411,105.114,-10.158,1,5,163827,4
2JvClsYrYfLz76Td6J9MPa,Surfin' U.S.A. - Remastered 2001,The Beach Boys,0.677,0.546,0.878,0.964,0.0,0.0377,159.105,-4.526,1,3,148973,4
45DflAgf5cA8pFRmwV3JMM,Corny,Rema,0.335,0.494,0.777,0.506,0.0911,0.13,95.012,-3.009,0,7,227456,4
2WigMwGJysIh9fRnSJvpjn,KU LO SA - A COLORS SHOW,Oxlade,0.307,0.649,0.655,0.793,0.0,0.0652,92.9,-5.534,0,10,147581,4
3YBEkDe3pkfDuCIMFyi8Oh,Tuesday,The Frightnrs,0.115,0.664,0.625,0.829,4.51e-05,0.0823,78.016,-6.861,1,11,192107,4
65497v9jzFfu5sSA8ADap5,Sistema De Patio,Tokischa,0.07,0.914,0.948,0.694,0.000782,0.21,109.999,-2.243,0,6,134223,4
739vCwA3EpBSkk3uDsI2wB,Lemon (feat. Drake) - Drake Remix,N.E.R.D,0.000738,0.777,0.657,0.245,3.34e-06,0.237,189.992,-6.434,1,1,226107,4
7KzrfldjfaOcQ3k31wBcni,Ritmo De Amor,Los Macuanos,0.149,0.835,0.665,0.692,0.396,0.063,106.006,-8.108,0,0,276267,4
2VhVawD5meWiuyI4sL9WAo,Don't Stay Away,Phyllis Dillon,0.355,0.568,0.382,0.808,0.00293,0.0619,198.275,-9.493,1,7,153173,4
5wZubFAMhcSS8DXNko7lax,Better Dan Dem Riddim,Sonikgroove,0.0236,0.793,0.488,0.689,0.845,0.083,92.002,-8.048,0,7,262697,4
5YUyW9opqNsMSEzzecZih1,X,Nicky Jam,0.0338,0.594,0.749,0.694,0.00106,0.056,179.968,-5.298,0,9,172854,4
4FNm4ZJaUVLDCMXcqwS6zY,Stir It Up,Bob Marley & The Wailers,0.641,0.751,0.463,0.926,0.208,0.104,150.19,-10.96,1,9,330760,4
1dXpM1xKD65d53F50NF8e7,Which Way,The Frightnrs,0.137,0.751,0.74,0.96,0.00396,0.0351,121.357,-6.358,0,7,245522,4
446g4HyKaSV53iRyPzqTNt,Dancing In The Dark,Dorothy Ashby,0.947,0.566,0.245,0.595,0.769,0.0423,94.69,-15.901,1,5,283640,4
7quoLFIx0ky1XwyuGDoUPQ,Hard to Handle,King Floyd,0.463,0.732,0.693,0.96,0.00193,0.0835,97.705,-8.083,1,3,145693,4
6cfMzjbgyDLMfVQgXCHrRC,Lucia - Original Mix,Ishihonana,0.98,0.638,0.326,0.577,0.935,0.0665,91.427,-13.443,1,7,286794,4
1jo6zavGHbrqlvts6xp8AX,Breezin,Boris Garbiner Happening,0.911,0.698,0.432,0.721,0.837,0.0781,83.249,-13.323,0,7,214850,4
4yshHBPp0MoVynV1sMCKV3,Send Me On My Way,Rusted Root,0.138,0.495,0.774,0.715,1.31e-05,0.0718,119.398,-6.543,1,0,261707,4
3Xf2kEHoEfp8MxPZW8guP5,Legal Rights,Papa San,0.167,0.851,0.955,0.969,1.48e-06,0.0928,177.243,-2.129,0,11,240560,4
0efT4YKQLQx2YHbp6vgRX8,Someone New,Hozier,0.427,0.446,0.533,0.58,3.26e-06,0.046,183.81,-5.955,1,7,222813,4
53TTuDwg1QBGGE0bbNebFs,Ram Jam,Jackie Mittoo,0.0388,0.854,0.458,0.968,0.914,0.0585,125.694,-12.246,0,1,223667,4
414J8tKHbtF16XOiHGBEso,Tezeta (Nostalgia),Mulatu Astatke,0.954,0.547,0.356,0.504,0.917,0.0366,81.032,-10.199,0,5,376640,3
2BY7ALEWdloFHgQZG6VMLA,Brandy (You're a Fine Girl),Looking Glass,0.396,0.716,0.625,0.826,1.97e-05,0.0601,125.276,-11.369,0,1,186827,4
1XFqMejfEUCxHgwBbBLf7d,Jogging,Freddie McGregor,0.134,0.843,0.506,0.761,0.0,0.088,122.857,-7.261,0,9,221867,4
3rxwT0wvHRWxW6ttjyMKQm,Riding for a Fall,John Holt,0.216,0.78,0.69,0.673,0.0317,0.0951,140.489,-5.482,0,4,233627,4
1XyKpEnZxlJJS8IXPCPnJk,La Poli,Daleduro,0.0663,0.815,0.548,0.959,0.872,0.104,160.005,-11.974,1,7,251887,4
7I1fHMDNlHobS8SBUJAUDt,Turn Your Lights Down Low,Bob Marley & The Wailers,0.0137,0.733,0.668,0.713,1.57e-06,0.0685,83.11,-5.3,1,2,346333,4
6WOsKYkFQpF1aWJc4BpHGf,Betrayer,The Far East,0.0583,0.767,0.395,0.588,0.251,0.0542,142.174,-8.293,1,7,222042,4
1Ekq7zGtgnmdP4i9NOBQn0,Milloneta,Rochy RD,0.281,0.623,0.954,0.918,0.0,0.353,117.506,0.743,1,9,146654,4
3dGGTDDCa9gB9uo7e0svir,Tougher Than Tough,Derrick Morgan,0.457,0.833,0.386,0.704,0.000305,0.0423,94.925,-12.541,1,7,149970,4
5FG7Tl93LdH117jEKYl3Cm,Essence (feat. Tems),Wizkid,0.0266,0.849,0.707,0.602,8.58e-06,0.113,104.027,-6.002,1,0,248040,4
2RlgNHKcydI9sayD2Df2xp,Mr. Blue Sky,Electric Light Orchestra,0.652,0.388,0.338,0.478,3.73e-06,0.0329,177.765,-10.054,1,10,303373,4
2jw4fQLoFqV6K8hoKKgHBT,Minlbelesh,Hailu Mergia,0.00872,0.439,0.659,0.896,0.397,0.0443,101.454,-11.42,1,3,357907,4
3QwbKe0s8TcNclzXAXHeHy,A Beautiful Morning - Single Version,The Rascals,0.399,0.503,0.484,0.8,0.0,0.0311,122.203,-12.833,0,5,151800,4
4PtunUdKZXlAvCrk9mf2Mb,Bredda Gravalicious,Wailing Souls,0.213,0.786,0.405,0.945,4.65e-06,0.0478,122.112,-13.536,0,7,231533,4
482fuLdRBMgTncPKqIkzhb,Declaration of Dub,King Tubby,0.0299,0.666,0.493,0.589,0.617,0.0613,147.533,-12.395,0,4,218213,4
1h8i76v8TiFfnfaPTdTSjg,Through Your Hands Love Can Shine,Giorgio Tuma,0.305,0.706,0.61,0.888,0.00364,0.0383,80.008,-7.179,1,2,252442,4
1KnneSRGPkGTVd4nipNcMu,I Gotcha,Greenflow,0.923,0.758,0.383,0.854,0.836,0.0437,147.53,-15.942,0,10,301560,4
215JYyyUnrJ98NK3KEwu6d,Soak Up The Sun,Sheryl Crow,0.0394,0.717,0.732,0.708,0.0,0.0426,119.996,-4.985,1,4,292307,4
031eeXwbptYsngVcl6SY8E,The Gorgon,Cornell Campbell,0.255,0.752,0.554,0.671,0.0,0.273,77.591,-8.352,1,8,149840,4
49Zxa1yQ9miyQSzuuKBYq9,Lady,Rema,0.0245,0.889,0.798,0.594,0.0,0.256,119.969,-6.62,1,0,213375,4
56ogFIkiGEMnyXhr91gVL7,Cassava Piece ('79 Style),Augustus Pablo,0.0447,0.789,0.674,0.929,0.948,0.0509,133.104,-8.266,0,8,154107,4
0rRboI6IRuGx56Dq3UdYY4,Because I Got High,Afroman,0.169,0.802,0.341,0.849,0.0,0.488,166.01,-8.56,1,7,197760,4
7mavHEgkrNLqIzlA5wxd5n,Queen Majesty,Techniques,0.939,0.698,0.293,0.582,0.526,0.0384,85.718,-11.202,1,0,211173,4
2Iv3GHM3xFKIPbYSnhJAXO,Okay,Adekunle Gold,0.288,0.677,0.675,0.632,0.0,0.264,100.268,-5.443,0,0,186300,4
6vgX6B5beQ0SXbmIDwZBDJ,Breezin',Gábor Szabó,0.542,0.526,0.589,0.95,0.894,0.0377,86.636,-11.109,1,2,191293,4
1Eolhana7nKHYpcYpdVcT5,Little Wing,Jimi Hendrix,0.181,0.515,0.534,0.426,0.00278,0.0768,70.776,-8.045,1,6,145747,4
3h1LmVEqeHz4vEqUzVceo7,Greetings,Half Pint,0.000959,0.691,0.885,0.815,0.00893,0.0462,146.677,-5.626,0,5,215013,4
2cYAd7BJIOj4Y0pU5Pyesc,Who The Cap Fit,Bob Marley & The Wailers,0.0938,0.788,0.485,0.744,0.000507,0.0777,138.395,-11.328,0,7,283067,4
4ubcpm0Ga33FuTlOyr4Xn9,Girl I've Got a Date,Alton Ellis,0.0668,0.882,0.348,0.505,0.000433,0.0728,94.973,-11.81,1,0,202773,4
3y540Z9QFePg2CyZYWZMyI,Is This Love,Bob Marley & The Wailers,0.119,0.775,0.563,0.786,0.0,0.0815,122.269,-8.225,0,6,230800,4
2gmutKCgWxirnBIBzbDbhE,Cumbia Resistencia,Territorio Comanche,0.166,0.832,0.518,0.409,0.0575,0.114,100.0,-9.152,1,7,249600,4
7M7AwtGvWdMYudqx5Iuh1m,Althea - 2013 Remaster,Grateful Dead,0.679,0.783,0.284,0.583,0.285,0.0365,82.676,-14.307,1,9,412596,4
0cx32rX0uZvcJUP92Wkj2y,Wouldn't It Be Nice - Remastered 1999,The Beach Boys,0.554,0.428,0.544,0.694,2.12e-05,0.0347,122.622,-9.139,1,5,145107,4
2RpDqAVH05D4NIM4IuGtkr,Carrusel,Ozuna,0.855,0.606,0.477,0.348,0.0,0.0309,81.867,-5.567,0,2,143867,4
4RFqi5JQduiSlRZCVlUDGH,It Don't Come Easy,Ringo Starr,0.0396,0.609,0.624,0.691,0.000168,0.0292,123.191,-11.717,1,7,184333,4
3jDvuuQwITuKPLNHz1ATf2,If You See Me,94 East,0.179,0.744,0.797,0.955,0.0103,0.0377,94.801,-8.868,0,11,340440,4
3gN1FtaZd7xzrvh7PMpRVp,Rest In Peace,Jonah Roy,0.406,0.379,0.406,0.155,0.000308,0.0354,137.281,-10.703,1,0,198857,4
1f46bQK9k2r9ILizZrViMc,Gotta Find a Way Version,The Frightnrs,0.73,0.666,0.351,0.513,0.639,0.0482,76.881,-11.972,1,5,237667,4
5IyoulMVgZsyNVjWzPHxcZ,Here To Fall (rjd2 Remix),Yo La Tengo,0.0216,0.635,0.518,0.673,0.00108,0.0863,155.067,-9.378,0,3,333000,4
7CDgFr0gMqKCIQkWF7LL0s,Stranger,The Cavemen.,0.0246,0.815,0.863,0.746,0.418,0.0389,114.978,-6.082,0,4,223260,4
2n4WhCXINeSq0hRP5aFY13,In The Summertime,Mungo Jerry,0.62,0.73,0.632,0.973,0.0,0.0532,82.204,-8.074,1,4,212613,4
62hcGZMkjrcv4OhWVqzxkl,Y Mas Gan - Take 2,The Abyssinians,0.51,0.772,0.409,0.949,0.847,0.0464,135.618,-12.486,0,9,214800,4
3SdTKo2uVsxFblQjpScoHy,Stand By Me,Ben E. King,0.57,0.65,0.306,0.605,7.07e-06,0.0393,118.068,-9.443,1,9,180056,4
1T4zpIClNclqDC6fVZKjRZ,It Hurts to Be Alone,Bob Marley & The Wailers,0.676,0.46,0.125,0.551,0.0172,0.0383,173.911,-17.545,1,1,151693,3
1O7Uy38Orgq9V2CPNppMKQ,Ababa John I,Don Carlos,0.0506,0.793,0.702,0.64,0.00145,0.239,78.434,-6.149,1,5,199358,4
2gNfxysfBRfl9Lvi9T3v6R,Disciples,Tame Impala,0.078,0.661,0.869,0.8,0.924,0.0334,126.971,-5.477,1,5,108547,4
3sj5y0QFI7D2hMoQXyTyFs,Nothing More to Say,The Frightnrs,0.328,0.891,0.445,0.885,0.000426,0.0558,105.674,-9.853,0,9,251720,4
3g201AkSGSjYHVA6exm1We,Welding,I-Roy,0.0338,0.858,0.703,0.973,0.00214,0.0604,90.14,-12.916,1,6,230933,4
5FEXPoPnzueFJQCPRIrC3c,Day 'N' Nite (nightmare),Kid Cudi,0.499,0.871,0.44,0.798,4.14e-06,0.0762,137.996,-6.25,0,11,221267,4
1vLU6NWHvX3iPrfRu0MNiW,Bambi,Bb trickz,0.0915,0.849,0.598,0.57,0.0,0.208,160.058,-9.654,0,1,132160,4
4uOKFydzAejjSFqYbv1XPt,Red Red Wine,UB40,0.00414,0.857,0.468,0.843,1.32e-05,0.0476,89.119,-8.53,1,1,183733,4
68BTFws92cRztMS1oQ7Ewj,All You Need Is Love - Remastered 2009,The Beatles,0.349,0.399,0.481,0.652,3.17e-05,0.0296,103.379,-7.768,1,7,230387,4
6Uzcqm7YqHgcGV6hr7s2vi,Dancing Mood,Delroy Wilson,0.00363,0.837,0.409,0.8,0.000485,0.0551,84.056,-6.716,1,2,163840,4
55KeWOcQsfJOmh08yBkojJ,Cumbia De Mi Tierra,La Tropa Vallenata,0.239,0.743,0.469,0.711,0.0,0.0375,141.948,-9.154,1,5,222307,4
7zHXWKQ8ZxfU87WKzANjkj,Cannonball,The Expansions,0.561,0.499,0.416,0.519,0.85,0.0485,156.944,-15.362,0,0,415747,4
5i6CpkeePD4aKacf0cmZqg,Summer Breeze,The Main Ingredient,0.424,0.409,0.693,0.696,2.99e-05,0.0368,162.631,-8.344,0,5,256240,4
2KBQH1GGhLzS4N0vNS1HJF,"No Woman, No Cry - Live At The Lyceum, London/1975",Bob Marley & The Wailers,0.285,0.642,0.65,0.622,0.0359,0.0645,78.467,-9.303,1,1,429200,4
7t5MUcFIIayP1M6TNhtWE0,Summer Time High Time,Cuco,0.0435,0.528,0.671,0.581,1.74e-05,0.0355,112.934,-3.945,1,2,208067,4
1PpuABE4jUvBQaP7rGOaoi,Say Hey [I Love You],Michael Franti & Spearhead Feat. Cherine Anderson,0.0294,0.699,0.99,0.947,0.0,0.0688,93.006,-2.259,0,5,234453,4
4lyupu0V7V9CoKhH52sfS8,Poinciana,Ahmad Jamal,0.984,0.553,0.0902,0.289,0.91,0.043,89.369,-21.491,1,2,273760,4
1Nn0PwPICNTB7Pv8KlR5tQ,Loving Pauper,Dobby obson,0.635,0.742,0.447,0.591,0.0226,0.0969,83.748,-8.206,1,7,198493,4
6JRLFiX9NJSoRRKxowlBYr,Is This Love,Bob Marley & The Wailers,0.111,0.776,0.561,0.743,0.0,0.103,122.246,-8.375,0,6,232200,4
3FgmWzMd8cTTRPQGyDjuLT,Brothers & Sisters,Bongmaster inc,0.312,0.464,0.451,0.747,0.238,0.0483,75.79,-11.526,1,8,383387,4
2orfzqIy6Sys7dgiBCBvBA,Tempo,Anthony Red Rose,0.111,0.798,0.414,0.286,0.0,0.261,81.389,-14.231,0,4,205293,4
3I7OmVsk4Hm5LBbs2GmhlD,Reality In Motion,Tame Impala,0.154,0.536,0.915,0.472,0.000788,0.0581,115.037,-4.993,1,2,252027,4
3AMLPuVKjPBlAuu3xC2aRl,Cumbian Dub,Territorio Comanche,0.0213,0.748,0.388,0.234,0.788,0.088,129.945,-11.739,0,11,339720,4
46MX86XQqYCZRvwPpeq4Gi,Lake Shore Drive,Aliotta Haynes Jeremiah,0.204,0.434,0.885,0.843,0.0,0.0396,93.999,-7.367,1,4,235173,4
1cdC9TCqyLwAlsw3fVJaJS,Soundtrack 2 My Life,Kid Cudi,0.465,0.484,0.755,0.441,1.56e-05,0.136,86.496,-6.653,0,9,235627,4
6LAGaogJVblOLdwNncFUap,Hard To Handle,Great White,0.0364,0.626,0.81,0.796,2.34e-05,0.0421,103.991,-5.765,0,6,194787,4
3YlEcf57HmUAGPBASbsRLr,Hija de Calcuta,Amantes del Futuro,0.0557,0.809,0.629,0.611,0.729,0.0508,170.032,-7.307,1,7,296471,4
6l7J9uKBUdDUNncEtw6RF8,Johnny Big Mouth,Don Carlos,0.0811,0.747,0.636,0.582,6.87e-05,0.129,140.842,-5.038,1,9,231969,4
4S4Mfvv03M1cHgIOJcbUCL,In My Room,Frank Ocean,0.594,0.861,0.647,0.67,0.661,0.0675,158.037,-7.425,1,7,133680,4
2oiixB9QMIzhWaHGVlQx4g,Yandel 150,Yandel,0.0492,0.783,0.729,0.58,0.000272,0.0691,167.968,-3.549,0,6,216148,4
70ZeGzHYAfK5A2AEXhwDMJ,Fort Augustus,Junior Delgado,0.039,0.864,0.472,0.901,0.00278,0.0816,132.063,-12.421,1,7,245413,4
4aUCPal9bxTnQkEfdIY6sG,Jamming,Bob Marley & The Wailers,0.129,0.941,0.462,0.758,9.91e-05,0.282,123.674,-11.029,0,11,211427,4
5YMdqp25EgpRN7POUcIfD4,La Mamá de la Mamá,El Alfa,0.284,0.921,0.927,0.797,0.0033,0.104,129.971,-3.025,1,11,219000,4
2zYRBkPQ4ctj3PArNKA7AZ,Treachory,Bb trickz,0.545,0.819,0.397,0.525,0.000992,0.47,85.0,-10.191,1,0,160926,4
0qxYx4F3vm1AOnfux6dDxP,You Can Call Me Al,Paul Simon,0.182,0.776,0.763,0.82,0.00647,0.0534,128.433,-8.124,1,5,280000,4
7FJdARE4491PCvDZx0BImj,Gee Baby,Al Campbell,0.585,0.782,0.475,0.737,0.0,0.0453,138.524,-9.831,0,3,150947,4
2RnPATK99oGOZygnD2GTO6,With A Little Help From My Friends - Remastered 2009,The Beatles,0.365,0.705,0.515,0.803,0.0,0.0337,112.035,-9.343,1,4,164107,4
3eekarcy7kvN4yt5ZFzltW,HIGHEST IN THE ROOM,Travis Scott,0.0546,0.598,0.427,0.0605,5.83e-06,0.0317,76.469,-8.764,0,7,175721,4
1MJ5f5EYBC92ADD6xcz7nb,Chamber Of Reflection,Mac DeMarco,0.263,0.537,0.558,0.505,0.91,0.0929,131.037,-8.678,1,11,231724,4
00WeA6cTYkmAbBuTmhCHYq,Paleta Pa To El Mundo,El Alfa,0.37,0.907,0.979,0.875,0.0342,0.0748,118.063,-1.074,1,1,242797,4
1CCn1iWB8qqr1ghHTe2tA8,Stained Glass,Ocean Alley,0.0414,0.561,0.709,0.271,0.0102,0.0343,132.058,-6.215,0,9,226347,4
18t2ofQiViidZHxOBVjpD1,Koroba,Tiwa Savage,0.358,0.85,0.645,0.93,1.12e-05,0.0611,104.022,-6.302,0,11,153877,4
1TZQO0HgZq6jj6P9GgD2xS,Action Line,Dorothy Ashby,0.93,0.653,0.386,0.712,0.903,0.0427,76.505,-15.881,1,5,221053,4
4myBMnNWZlgvVelYeTu55w,Brown Eyed Girl,Van Morrison,0.29,0.478,0.678,0.892,0.0,0.0364,151.466,-7.032,1,7,182960,4
1gk3FhAV07q9Jg77UxnVjX,Gooey,Glass Animals,0.736,0.487,0.369,0.106,3.75e-05,0.0406,183.114,-13.424,0,11,289307,4
6KkAC41nNRiWA6w3ZD9cJ8,Jump in the Line,Harry Belafonte,0.676,0.623,0.8,0.871,0.0,0.297,113.824,-9.509,0,9,224733,4
1cCbsojaA6GIT7Y3zuMJ1q,Nangs,Tame Impala,0.159,0.536,0.526,0.434,0.847,0.181,167.608,-9.754,1,0,107533,4
3a8ZczP2HVbesvGyvYqGFL,Mad Over Me,Yellowman,0.44,0.7,0.212,0.488,0.0,0.0922,75.925,-20.42,1,1,200307,4
4IShfOZ3Jiu0dUJcvPAY1d,Natty Rebel - Remastered,U-Roy,0.0682,0.824,0.471,0.761,9.89e-06,0.0596,82.913,-8.428,1,0,211067,4
0e0pplXuguXHR9huQG5mdG,King Tubby's In Fine Style,The Aggrovators,0.121,0.642,0.802,0.65,0.225,0.134,142.105,-7.374,0,6,194533,4
2MvvoeRt8NcOXWESkxWn3g,Ribs,Lorde,0.534,0.525,0.472,0.0424,0.614,0.0739,127.945,-9.277,1,4,258969,4
7to68V64Cu6zk0UDo5tyw3,Confidence,Ocean Alley,0.0637,0.59,0.562,0.561,0.0,0.0505,140.835,-9.607,0,11,253077,4
4fVePQ3dsr3E9RpQCVhcGX,The Immortal Dub,King Tubby,0.0143,0.734,0.403,0.478,0.831,0.277,76.877,-12.134,0,9,205773,4
3MJVR3QMusUw9LkHSPGdiN,Let the Power Fall,Max Romeo,0.0868,0.865,0.68,0.962,0.00268,0.291,97.078,-7.119,1,7,135987,4
4DOQht8ShHlHWsCZ2rLYw9,All Night Long,Pachyman,0.455,0.627,0.62,0.724,0.562,0.0521,178.538,-8.131,0,9,260156,4
7nXa1wEfDXGsgVMKChW9yB,Money In My Pocket,Dennis Brown,0.452,0.806,0.361,0.897,2.89e-05,0.176,73.124,-9.899,0,2,150800,4
2yyTH03sYefGmjynHqopwK,Don't Cutt Off Your Dread Locks,Linval Thompson,0.175,0.797,0.437,0.759,3.23e-06,0.33,141.927,-9.432,1,1,200853,4
6747tP2tfqp3KgxLVF2524,"That's Not True (feat. Damian ""Jr. Gong"" Marley)",Skip Marley,0.15,0.716,0.727,0.809,0.0,0.0813,133.999,-5.399,0,6,207493,4
34zWZOSpU2V1ab0PiZCcv4,Uptown Top Ranking - Remastered 2001,Althea And Donna,0.0477,0.886,0.522,0.79,0.00108,0.173,82.439,-7.971,1,7,229160,4
09C1ymHRxBqKnQ5VPilNuX,Con la Misma Moneda - Remix,Princesa,0.253,0.755,0.665,0.92,0.172,0.267,179.926,-8.754,1,10,217478,4
4v6gpq8gNsvKekCc2rgXb5,Satisfied 'N' Tickled Too,Taj Mahal,0.747,0.841,0.591,0.817,0.0371,0.0527,134.796,-9.081,1,3,326827,4
7FWPQrvAtWPf29XE5m78Wa,Jah Jah Dub The Conqueror,The Aggrovators,0.0697,0.707,0.291,0.454,0.0157,0.188,77.493,-13.865,1,2,218849,4
1tNJrcVe6gwLEiZCtprs1u,3 Nights,Dominic Fike,0.223,0.815,0.518,0.877,0.0,0.0897,151.891,-6.594,0,7,177667,4
6MR6vAZA5XzxYbbjcu8kWk,You Beautiful Bastard,The Sea and Cake,0.636,0.729,0.196,0.419,0.762,0.0391,118.808,-12.285,1,0,354840,4
78idK1ANg6tbO8d67GD09B,Country Road,Toots & The Maytals,0.43,0.624,0.329,0.915,0.000525,0.143,175.024,-16.005,1,8,205200,4
4xoF9Pzc1oIAEq8Hyx1Q5F,Flow Now,Froogle,0.63,0.741,0.758,0.362,0.0653,0.0424,103.906,-5.671,1,2,143077,4
4NtS7Y1WUbUbx2t4sCJ8pi,Freak Out,Jackie Mittoo,0.0876,0.697,0.631,0.928,0.367,0.0737,79.24,-8.767,1,2,134000,4
0czsQ1YOT71kdVfyFoTy3U,Your House,Steel Pulse,0.057,0.707,0.716,0.966,4.25e-06,0.0879,154.118,-8.962,0,10,222600,4
3IK0Prco77Y8eyrthmxify,Movie Star,Junior Delgado,0.172,0.704,0.196,0.604,0.709,0.102,85.178,-20.721,1,7,167829,4
7uaLD0BrCCAoDrPl2843Mb,Met,The Mattson 2,0.918,0.476,0.359,0.225,0.926,0.0522,78.693,-15.296,0,4,225680,4
2psl5iNJCrmmm2XtS7LZqb,Soundgasm,Rema,0.119,0.805,0.525,0.693,0.00203,0.0638,100.033,-7.376,0,6,204755,4
7cBSPzz0kNgc1ghLddrDxZ,Single,Dei V,0.384,0.497,0.7,0.659,0.0,0.258,101.948,-4.232,0,8,178182,4
5FSsWvcWeS13msuNFm0MPf,If I Did Know,Roy Shirley,0.378,0.649,0.457,0.748,0.0,0.076,78.943,-8.486,1,6,178080,4
69O3VZmGga6IRQQ4mZg4E6,El Benson,Pachyman,0.468,0.654,0.686,0.96,0.869,0.0564,79.665,-8.88,0,9,269293,4
05NYcsjJwOYq4jIiKPVj9p,Hard To Handle,The Black Crowes,0.00257,0.599,0.79,0.961,0.00181,0.043,103.783,-3.58,1,4,188067,4
22ea2Sa8jVWPWt40MJZFus,Hey Brother (Do Unto Others),The Frightnrs,0.591,0.822,0.624,0.963,0.0008,0.0566,108.503,-7.588,0,2,239453,4
1mZE01nEHDRL0clez0iRFj,Pork Belly,Bastien Keb,0.516,0.411,0.544,0.859,0.0645,0.0905,143.162,-9.577,1,2,199338,4
2ksOAxtIxY8yElEWw8RhgK,China,Anuel AA,0.0846,0.786,0.808,0.609,0.000289,0.0882,105.027,-3.702,1,7,301714,4
7Le6TaUBt764WAjCCHpP1Z,Loumo,Ba Cissoko,0.644,0.529,0.49,0.384,0.000358,0.0563,102.468,-8.658,1,5,168773,4
57nNNkgk768QVXq3uHxu5e,Ways to Go,GROUPLOVE,0.00338,0.577,0.827,0.179,0.000647,0.0365,101.031,-7.54,1,7,215520,4
5jLBhr4USswMtmsItEAFqf,Vision,Qing Madi,0.412,0.633,0.374,0.508,0.00073,0.121,121.017,-7.332,0,7,146000,5
00wIqh5OWIPTOSnKzH1eoZ,Teach The Children,Dennis Alcapone,0.54,0.769,0.541,0.879,0.261,0.373,165.869,-8.08,1,8,145193,4
0suLngfo7rJoetk7Ub6N8l,Octopus's Garden - Remastered 2009,The Beatles,0.155,0.627,0.512,0.73,4.65e-05,0.0247,92.225,-9.15,0,1,170720,4
3I5Ut6jkOFDOPRPthOXKAw,Stick By Me,John Holt,0.71,0.814,0.57,0.827,1.81e-05,0.115,79.401,-4.289,1,8,194544,4
1qDwNeDEDpJVpg0iuKQlfa,The Liquidator,Harry J Allstars,0.189,0.762,0.797,0.943,0.89,0.0933,89.647,-8.18,1,1,172520,4
6PGBv4XMbrDKvGEr7z51bD,Paradise a Burn,Ocean Alley,0.0362,0.473,0.709,0.527,0.0,0.0461,130.911,-4.073,0,0,148606,4
2ixWPxw2lNOEDtt4XhpWM4,Midnight Ravers,Bob Marley & The Wailers,0.426,0.786,0.732,0.898,0.000422,0.27,139.247,-7.361,0,9,308093,4
2pZJhvpin385eqAFRp3ASJ,Sun Is Shining,Bob Marley & The Wailers,0.00527,0.785,0.561,0.614,8.78e-05,0.0523,129.027,-7.783,0,10,298507,4
4aAr22cDaqFXPGdcKAYxoE,Money - Dub,The Aggrovators,0.0153,0.641,0.544,0.383,0.506,0.289,147.512,-10.114,1,7,178493,4
3JozQbIWMHBTKIghXKehVy,Commas,Ayra Starr,0.0251,0.768,0.607,0.689,0.000114,0.0426,100.013,-6.846,1,1,157200,4
29nPsaXCxgT9bnnNeVGAA0,Expectations,The Frightnrs,0.632,0.602,0.54,0.764,0.000567,0.0471,120.614,-7.88,1,0,97973,4
2jvoqPDIsm5rHRLgxstX15,Waiting In Vain,Bob Marley & The Wailers,0.0292,0.83,0.463,0.779,1.58e-05,0.335,78.876,-11.644,1,8,256240,4
7pcANiSH8mEKLUIPAxiSDr,CAN YOU HEAR THE MOON,Grady,0.0242,0.343,0.503,0.5,0.00184,0.0623,146.11,-6.018,0,6,182534,4
3leCPFLjk3sZWBuccJNRzy,Apampichao,Miguel Molina,0.00955,0.648,0.734,0.735,0.819,0.209,172.019,-6.685,0,11,262000,4
2dmKJr00sGsyC8NgGWmnn8,Ariwacumbé Shaunvox - Dub,Frente Cumbiero,0.105,0.655,0.577,0.432,1.39e-06,0.229,173.321,-9.787,1,7,335520,4
6H4DSSh8N86AYvI5xtQKZh,La Negra Eugenia,Ovni Guaraje,0.493,0.655,0.761,0.883,8.71e-05,0.0722,176.089,-9.042,1,8,201818,4
37adYGaYaAWTGhBaOzX4Fh,Take A Slice,Glass Animals,0.0212,0.623,0.661,0.63,0.000229,0.1,151.97,-7.0,1,9,229718,4
3tjFy0ZycKMenFWNIBEuw2,Diseases,Michigan & Smiley,0.138,0.768,0.68,0.575,0.0,0.294,162.309,-3.552,1,1,215827,4
3sYYfzaowJ5AsvZhXdE1Vj,Let's Make The Stevens Cake!!!,Giorgio Tuma,0.526,0.42,0.499,0.765,0.0102,0.0307,86.822,-8.972,1,5,156552,4
6NHC3pFpYys1xgkqpk96tF,Trickstar,Bb trickz,0.549,0.84,0.84,0.921,3.92e-05,0.432,135.11,-2.665,1,9,131957,4
0lq4u8q8BK24ZgQoZGNMFL,More to Say Version,The Frightnrs,0.659,0.852,0.451,0.777,0.862,0.0416,105.805,-9.862,0,4,237720,4
0PFLUb13SISgyUekNWuJ4e,Lemonworld,Ocean Alley,0.094,0.458,0.614,0.485,0.0,0.0322,149.228,-6.336,0,4,194554,4
6xbtDXk8utIS8rOWD0X9XA,Babylon System,Bob Marley & The Wailers,0.121,0.766,0.429,0.725,0.0,0.125,91.392,-11.912,1,0,261840,4
2IEc5k6yWRBV3q2ArUiPhJ,Armageddon Time,Willie Williams,0.0742,0.819,0.428,0.427,0.0124,0.161,80.204,-7.852,0,2,152573,4
2EEeOnHehOozLq4aS0n6SL,iSpy (feat. Lil Yachty),KYLE,0.378,0.746,0.653,0.672,0.0,0.289,75.016,-6.745,1,7,253107,4
4hQuVOSxnghGhCRvWuDdDe,What Cha’ Gonna Do For Me,Ned Doheny,0.476,0.74,0.76,0.903,0.0243,0.0309,100.627,-6.933,0,8,246173,4
3tCwjWLicbjsMCvXhN0WOE,Rude,MAGIC!,0.0435,0.743,0.807,0.899,0.0,0.0364,144.062,-3.78,1,1,224773,4
6JQ5lxEH8pUut8xPV2j4Gq,Money In My Pocket,Dennis Brown,0.412,0.768,0.487,0.848,1.12e-05,0.161,73.449,-7.026,0,2,153800,4
7ukf8IlJI37XidewsbFWbX,Cumbia Party,Joseph Cotton,0.0991,0.66,0.49,0.968,0.0,0.308,181.979,-8.381,0,1,220879,4
4wrqPfVL7ibl1UozMCEp0q,Chineke Me,Sonikgroove,0.00321,0.729,0.517,0.58,0.000116,0.114,174.063,-8.822,1,9,146034,4
0K7MCaFrvjGgjoPfQYMYbT,Ferris Wheel - Remastered,Gábor Szabó,0.656,0.446,0.416,0.388,0.9,0.0321,119.374,-9.955,1,7,326984,4
0qs6mF2QZj6bEDKeuh2wFq,One Cup of Coffee,Bob Marley & The Wailers,0.66,0.756,0.409,0.818,0.0018,0.041,129.553,-13.561,1,3,151595,4
1QarviwKr74vAXpLK75inX,Boogie in My Bones,Laurel Aitken,0.645,0.746,0.412,0.705,0.00805,0.0508,124.553,-8.898,1,5,170613,4
0wYwXrgGrrU1idueX5A1wJ,Water,Tyla,0.0852,0.756,0.722,0.476,0.0,0.0652,116.941,-3.491,0,3,200256,4
7ndkIrszGvleDBKcM2gfyv,You'll Never Find,The Aggrovators,0.000572,0.66,0.529,0.657,0.574,0.0526,80.625,-12.575,0,10,261373,4
1AtBzcUzKLh4BGwXhFA9K6,Ojuelegba,Wizkid,0.154,0.645,0.748,0.903,0.000283,0.0351,100.056,-5.888,0,9,216243,4
6UelLqGlWMcVH1E5c4H7lY,Watermelon Sugar,Harry Styles,0.122,0.548,0.816,0.557,0.0,0.0465,95.39,-4.209,1,0,174000,4
7pDSN2hbKA4OeDpPzwewIW,Hard To Handle,Jimmy Barnes,0.00668,0.324,0.89,0.513,0.0016,0.325,191.645,-5.302,1,7,221080,4
2hnMS47jN0etwvFPzYk11f,Santeria,Sublime,0.0268,0.682,0.765,0.567,3.42e-05,0.0395,90.807,-5.021,0,1,182747,4
7KAlQ1JbE8ecBAgfZuc5KT,In the Beats We Trust,Sidestepper,0.849,0.792,0.447,0.384,2.74e-05,0.264,95.243,-11.235,0,6,313973,4
6avDdJ8d5pgDg53f40kTHy,Diamond (feat. Jacob Hemphill of SOJA),The Movement,0.348,0.812,0.807,0.629,5.28e-05,0.0413,140.014,-5.138,1,0,253137,4
5USmQ4lWO0FOX3eNOn2riD,My Conversation,Slim Smith,0.849,0.531,0.53,0.614,0.00516,0.0361,85.28,-7.096,1,1,223413,4
4ucXeGcKKzubgHb932T6sl,Confession,Babyboy AV,0.565,0.801,0.537,0.909,0.0,0.131,108.035,-7.104,0,4,188630,4
3scsKPy4dLwvWjF8MgIXPQ,I'm Still in Love With You,Alton Ellis,0.511,0.738,0.416,0.769,0.000197,0.0322,86.535,-9.108,1,7,201493,4
39h2XcPNOiMbFyxOOMhVyf,Cumbia de la Montaña,Amantes del Futuro,0.00125,0.647,0.688,0.672,0.768,0.0472,169.966,-5.122,0,4,386182,4
0AowGZii4pRyeop9bkqW0C,For The Love Of You,John Holt,0.0773,0.775,0.586,0.775,0.00026,0.0962,83.183,-5.788,1,1,217773,4
3AW8RH8wosGLxd6ZojTGBe,Hard to Handle,Otis Redding,0.573,0.666,0.549,0.961,1.84e-06,0.0616,95.552,-8.672,1,10,141000,4
25z7NYgTEt6MiA5qExNSH2,Never Be Another You,Lee Fields & The Expressions,0.49,0.768,0.682,0.657,0.0249,0.0892,78.877,-8.316,0,0,265003,4
6XDYrsqJsaaS3q5K42FnPk,Incantation,Dizzy Gillespie,0.357,0.609,0.52,0.877,0.883,0.0391,163.92,-12.309,0,9,400107,4
2YfRKF4sWeV1t1NqBoUgxH,Anchin Kfu Ayinkash,Hailu Mergia,0.04,0.471,0.551,0.692,0.147,0.0291,104.791,-10.484,0,5,324880,4
3wa5sPSMHMsBX8s4RYIA9H,Guess Who's Coming To Dinner,Black Uhuru,0.0324,0.798,0.7,0.875,0.00341,0.055,135.123,-12.105,0,8,347867,4
3X6b40Xr4zxbyLatxilx6T,Return of Django,The Upsetters,0.137,0.795,0.519,0.945,0.808,0.0357,154.948,-9.514,1,1,149453,4
6kcuYyyU2tPxGP3PDVWYJT,Summer Paradise (feat. Sean Paul) - Single Version,Simple Plan,0.0132,0.421,0.822,0.751,0.0,0.0542,171.935,-4.415,1,2,234787,4
3euDGpS2R0NC2Xssqxohva,Scarlet Begonias - 2013 Remaster,Grateful Dead,0.314,0.537,0.559,0.918,0.000795,0.0315,167.758,-12.224,1,4,259702,4
4abVwdCy5QUcyI3KS2lMJK,Here I Come,Barrington Levy,0.161,0.586,0.663,0.693,0.0,0.0825,170.743,-6.547,0,4,217200,4
0rKtyWc8bvkriBthvHKY8d,SLOW DANCING IN THE DARK,Joji,0.544,0.515,0.479,0.284,0.00598,0.0261,88.964,-7.458,1,3,209274,4
5SjxKIoDG63Zmk5uAN65xM,Dub Doubt,Territorio Comanche,0.159,0.795,0.526,0.593,0.848,0.0524,139.953,-9.09,0,9,277760,4
7kv7zBjMtVf0eIJle2VZxn,Southern Nights,Glen Campbell,0.0989,0.697,0.813,0.85,0.0232,0.0315,95.301,-8.89,0,11,180027,4
7eQQRBOhWpsLzSbKRV8Oz5,"Carry Go, Bring Come",Justin Hinds & The Dominoes,0.0851,0.78,0.732,0.97,0.0,0.036,124.151,-7.702,1,0,164507,4
2qyHkfcDdbd1Eyg37B7X7g,Ain't Too Proud To Beg,Slim Smith,0.378,0.634,0.467,0.671,0.0112,0.0794,157.494,-11.211,0,6,161520,3
1z0We51LrOGniEJVk9Aid9,Love Me Forever,Carlton & The Shoes,0.0332,0.667,0.456,0.976,0.0,0.0884,154.932,-13.101,1,9,220067,4
5OjgyoMAcvMRd0AcLlhhCW,Do What Your Doin',The Rising Sun,0.154,0.752,0.367,0.725,0.0013,0.0361,77.827,-9.994,1,0,227587,4
04SRtMjtg7twoWldHE7gHG,Tierra de King Coya (feat. La Walichera),King Coya,0.65,0.78,0.676,0.88,0.00126,0.253,169.994,-6.329,1,1,297859,4
4P5PiEBtsUj7UTXqYE89xr,You Need Love,Ebo Taylor,0.547,0.724,0.828,0.753,0.342,0.0679,100.56,-7.256,1,7,429133,4
